0:00:00:00 Starting a new session
0:00:00:00 Loaded a total of 1 password hash
0:00:00:00 Command line: run/john-avx2-non-omp --format=LM --incremental=lanman hashes.txt 
0:00:00:00 - UTF-8 input encoding enabled
0:00:00:00 - Passwords will be stored UTF-8 encoded in .pot file
0:00:00:00 - Target encoding: CP850
0:00:00:00 - Rules/masks using CP850
0:00:00:00 - Hash type: LM (min-len 0, max-len 7, longer passwords split)
0:00:00:00 - Algorithm: DES 256/256 AVX2
0:00:00:00 - Configured to use otherwise idle processor cycles only
0:00:00:00 - Candidate passwords will be buffered and tried in chunks of 256
0:00:00:00 Proceeding with "incremental" mode: lanman
0:00:00:00 - Lengths 0 to 7, up to 132 different characters
0:00:00:00 - No stacked rules
0:00:00:00 - Switching to length 1
0:00:00:00 - Expanding tables for length 1 to character count 1
0:00:00:00 - Trying length 1, fixed @1, character count 1
0:00:00:00 - Expanding tables for length 1 to character count 2
0:00:00:00 - Trying length 1, fixed @1, character count 2
0:00:00:00 - Expanding tables for length 1 to character count 3
0:00:00:00 - Trying length 1, fixed @1, character count 3
0:00:00:00 - Expanding tables for length 1 to character count 4
0:00:00:00 - Trying length 1, fixed @1, character count 4
0:00:00:00 - Expanding tables for length 1 to character count 5
0:00:00:00 - Trying length 1, fixed @1, character count 5
0:00:00:00 - Expanding tables for length 1 to character count 6
0:00:00:00 - Trying length 1, fixed @1, character count 6
0:00:00:00 - Expanding tables for length 1 to character count 7
0:00:00:00 - Trying length 1, fixed @1, character count 7
0:00:00:00 - Expanding tables for length 1 to character count 8
0:00:00:00 - Trying length 1, fixed @1, character count 8
0:00:00:00 - Expanding tables for length 1 to character count 9
0:00:00:00 - Trying length 1, fixed @1, character count 9
0:00:00:00 - Expanding tables for length 1 to character count 10
0:00:00:00 - Trying length 1, fixed @1, character count 10
0:00:00:00 - Expanding tables for length 1 to character count 11
0:00:00:00 - Trying length 1, fixed @1, character count 11
0:00:00:00 - Expanding tables for length 1 to character count 12
0:00:00:00 - Trying length 1, fixed @1, character count 12
0:00:00:00 - Expanding tables for length 1 to character count 13
0:00:00:00 - Trying length 1, fixed @1, character count 13
0:00:00:00 - Expanding tables for length 1 to character count 14
0:00:00:00 - Trying length 1, fixed @1, character count 14
0:00:00:00 - Expanding tables for length 1 to character count 15
0:00:00:00 - Trying length 1, fixed @1, character count 15
0:00:00:00 - Expanding tables for length 1 to character count 16
0:00:00:00 - Trying length 1, fixed @1, character count 16
0:00:00:00 - Expanding tables for length 1 to character count 17
0:00:00:00 - Trying length 1, fixed @1, character count 17
0:00:00:00 - Expanding tables for length 1 to character count 18
0:00:00:00 - Trying length 1, fixed @1, character count 18
0:00:00:00 - Expanding tables for length 1 to character count 19
0:00:00:00 - Trying length 1, fixed @1, character count 19
0:00:00:00 - Expanding tables for length 1 to character count 20
0:00:00:00 - Trying length 1, fixed @1, character count 20
0:00:00:00 - Switching to length 2
0:00:00:00 - Expanding tables for length 2 to character count 1
0:00:00:00 - Trying length 2, fixed @1, character count 1
0:00:00:00 - Switching to length 1
0:00:00:00 - Expanding tables for length 1 to character count 21
0:00:00:00 - Trying length 1, fixed @1, character count 21
0:00:00:00 - Switching to length 2
0:00:00:00 - Expanding tables for length 2 to character count 2
0:00:00:00 - Trying length 2, fixed @1, character count 2
0:00:00:00 - Switching to length 1
0:00:00:00 - Expanding tables for length 1 to character count 22
0:00:00:00 - Trying length 1, fixed @1, character count 22
0:00:00:00 - Expanding tables for length 1 to character count 23
0:00:00:00 - Trying length 1, fixed @1, character count 23
0:00:00:00 - Switching to length 2
0:00:00:00 - Expanding tables for length 2 to character count 3
0:00:00:00 - Trying length 2, fixed @1, character count 3
0:00:00:00 - Switching to length 1
0:00:00:00 - Expanding tables for length 1 to character count 24
0:00:00:00 - Trying length 1, fixed @1, character count 24
0:00:00:00 - Expanding tables for length 1 to character count 25
0:00:00:00 - Trying length 1, fixed @1, character count 25
0:00:00:00 - Switching to length 2
0:00:00:00 - Expanding tables for length 2 to character count 3
0:00:00:00 - Trying length 2, fixed @2, character count 2
0:00:00:00 - Switching to length 1
0:00:00:00 - Expanding tables for length 1 to character count 26
0:00:00:00 - Trying length 1, fixed @1, character count 26
0:00:00:00 - Switching to length 2
0:00:00:00 - Expanding tables for length 2 to character count 4
0:00:00:00 - Trying length 2, fixed @1, character count 4
0:00:00:00 - Trying length 2, fixed @2, character count 3
0:00:00:00 - Trying length 2, fixed @2, character count 4
0:00:00:00 - Switching to length 1
0:00:00:00 - Expanding tables for length 1 to character count 27
0:00:00:00 - Trying length 1, fixed @1, character count 27
0:00:00:00 - Switching to length 2
0:00:00:00 - Expanding tables for length 2 to character count 5
0:00:00:00 - Trying length 2, fixed @2, character count 5
0:00:00:00 - Switching to length 1
0:00:00:00 - Expanding tables for length 1 to character count 28
0:00:00:00 - Trying length 1, fixed @1, character count 28
0:00:00:00 - Switching to length 2
0:00:00:00 - Expanding tables for length 2 to character count 5
0:00:00:00 - Trying length 2, fixed @1, character count 5
0:00:00:00 - Switching to length 1
0:00:00:00 - Expanding tables for length 1 to character count 29
0:00:00:00 - Trying length 1, fixed @1, character count 29
0:00:00:00 - Expanding tables for length 1 to character count 30
0:00:00:00 - Trying length 1, fixed @1, character count 30
0:00:00:00 - Switching to length 2
0:00:00:00 - Expanding tables for length 2 to character count 6
0:00:00:00 - Trying length 2, fixed @1, character count 6
0:00:00:00 - Switching to length 1
0:00:00:00 - Expanding tables for length 1 to character count 31
0:00:00:00 - Trying length 1, fixed @1, character count 31
0:00:00:00 - Switching to length 2
0:00:00:00 - Expanding tables for length 2 to character count 6
0:00:00:00 - Trying length 2, fixed @2, character count 6
0:00:00:00 - Expanding tables for length 2 to character count 7
0:00:00:00 - Trying length 2, fixed @1, character count 7
0:00:00:00 - Switching to length 1
0:00:00:00 - Expanding tables for length 1 to character count 32
0:00:00:00 - Trying length 1, fixed @1, character count 32
0:00:00:00 - Switching to length 3
0:00:00:00 - Expanding tables for length 3 to character count 1
0:00:00:00 - Trying length 3, fixed @1, character count 1
0:00:00:00 - Switching to length 2
0:00:00:00 - Expanding tables for length 2 to character count 7
0:00:00:00 - Trying length 2, fixed @2, character count 7
0:00:00:00 - Switching to length 1
0:00:00:00 - Expanding tables for length 1 to character count 33
0:00:00:00 - Trying length 1, fixed @1, character count 33
0:00:00:00 - Switching to length 2
0:00:00:00 - Expanding tables for length 2 to character count 8
0:00:00:00 - Trying length 2, fixed @1, character count 8
0:00:00:00 - Switching to length 3
0:00:00:00 - Expanding tables for length 3 to character count 2
0:00:00:00 - Trying length 3, fixed @2, character count 2
0:00:00:00 - Switching to length 1
0:00:00:00 - Expanding tables for length 1 to character count 34
0:00:00:00 - Trying length 1, fixed @1, character count 34
0:00:00:00 - Expanding tables for length 1 to character count 35
0:00:00:00 - Trying length 1, fixed @1, character count 35
0:00:00:00 - Switching to length 2
0:00:00:00 - Expanding tables for length 2 to character count 8
0:00:00:00 - Trying length 2, fixed @2, character count 8
0:00:00:00 - Expanding tables for length 2 to character count 9
0:00:00:00 - Trying length 2, fixed @1, character count 9
0:00:00:00 - Trying length 2, fixed @2, character count 9
0:00:00:00 - Switching to length 1
0:00:00:00 - Expanding tables for length 1 to character count 36
0:00:00:00 - Trying length 1, fixed @1, character count 36
0:00:00:00 - Switching to length 2
0:00:00:00 - Expanding tables for length 2 to character count 10
0:00:00:00 - Trying length 2, fixed @2, character count 10
0:00:00:00 - Switching to length 3
0:00:00:00 - Expanding tables for length 3 to character count 2
0:00:00:00 - Trying length 3, fixed @1, character count 2
0:00:00:00 - Switching to length 2
0:00:00:00 - Expanding tables for length 2 to character count 10
0:00:00:00 - Trying length 2, fixed @1, character count 10
0:00:00:00 - Expanding tables for length 2 to character count 11
0:00:00:00 - Trying length 2, fixed @2, character count 11
0:00:00:00 - Trying length 2, fixed @1, character count 11
0:00:00:00 - Expanding tables for length 2 to character count 12
0:00:00:00 - Trying length 2, fixed @2, character count 12
0:00:00:00 - Expanding tables for length 2 to character count 13
0:00:00:00 - Trying length 2, fixed @2, character count 13
0:00:00:00 - Switching to length 1
0:00:00:00 - Expanding tables for length 1 to character count 37
0:00:00:00 - Trying length 1, fixed @1, character count 37
0:00:00:00 - Switching to length 3
0:00:00:00 - Expanding tables for length 3 to character count 2
0:00:00:00 - Trying length 3, fixed @3, character count 2
0:00:00:00 - Switching to length 1
0:00:00:00 - Expanding tables for length 1 to character count 38
0:00:00:00 - Trying length 1, fixed @1, character count 38
0:00:00:00 - Switching to length 2
0:00:00:00 - Expanding tables for length 2 to character count 13
0:00:00:00 - Trying length 2, fixed @1, character count 12
0:00:00:00 - Switching to length 3
0:00:00:00 - Expanding tables for length 3 to character count 3
0:00:00:00 - Trying length 3, fixed @2, character count 3
0:00:00:00 - Switching to length 2
0:00:00:00 - Expanding tables for length 2 to character count 14
0:00:00:00 - Trying length 2, fixed @2, character count 14
0:00:00:00 - Trying length 2, fixed @1, character count 13
0:00:00:00 - Trying length 2, fixed @1, character count 14
0:00:00:00 - Expanding tables for length 2 to character count 15
0:00:00:00 - Trying length 2, fixed @2, character count 15
0:00:00:00 - Switching to length 3
0:00:00:00 - Expanding tables for length 3 to character count 3
0:00:00:00 - Trying length 3, fixed @3, character count 3
0:00:00:00 - Switching to length 2
0:00:00:00 - Expanding tables for length 2 to character count 16
0:00:00:00 - Trying length 2, fixed @2, character count 16
0:00:00:00 - Switching to length 3
0:00:00:00 - Expanding tables for length 3 to character count 3
0:00:00:00 - Trying length 3, fixed @1, character count 3
0:00:00:00 - Switching to length 2
0:00:00:00 - Expanding tables for length 2 to character count 17
0:00:00:00 - Trying length 2, fixed @2, character count 17
0:00:00:00 - Switching to length 3
0:00:00:00 - Expanding tables for length 3 to character count 4
0:00:00:00 - Trying length 3, fixed @2, character count 4
0:00:00:00 - Switching to length 2
0:00:00:00 - Expanding tables for length 2 to character count 17
0:00:00:00 - Trying length 2, fixed @1, character count 15
0:00:00:00 - Expanding tables for length 2 to character count 18
0:00:00:00 - Trying length 2, fixed @2, character count 18
0:00:00:00 - Trying length 2, fixed @1, character count 16
0:00:00:00 - Switching to length 3
0:00:00:00 - Expanding tables for length 3 to character count 4
0:00:00:00 - Trying length 3, fixed @1, character count 4
0:00:00:00 - Switching to length 2
0:00:00:00 - Expanding tables for length 2 to character count 18
0:00:00:00 - Trying length 2, fixed @1, character count 17
0:00:00:00 - Trying length 2, fixed @1, character count 18
0:00:00:00 - Expanding tables for length 2 to character count 19
0:00:00:00 - Trying length 2, fixed @1, character count 19
0:00:00:00 - Switching to length 3
0:00:00:00 - Expanding tables for length 3 to character count 4
0:00:00:00 - Trying length 3, fixed @3, character count 4
0:00:00:00 - Expanding tables for length 3 to character count 5
0:00:00:00 - Trying length 3, fixed @3, character count 5
0:00:00:00 - Switching to length 2
0:00:00:00 - Expanding tables for length 2 to character count 20
0:00:00:00 - Trying length 2, fixed @1, character count 20
0:00:00:00 - Switching to length 1
0:00:00:00 - Expanding tables for length 1 to character count 39
0:00:00:00 - Trying length 1, fixed @1, character count 39
0:00:00:00 - Switching to length 2
0:00:00:00 - Expanding tables for length 2 to character count 21
0:00:00:00 - Trying length 2, fixed @1, character count 21
0:00:00:00 - Expanding tables for length 2 to character count 22
0:00:00:00 - Trying length 2, fixed @1, character count 22
0:00:00:00 - Switching to length 3
0:00:00:00 - Expanding tables for length 3 to character count 5
0:00:00:00 - Trying length 3, fixed @2, character count 5
0:00:00:00 - Trying length 3, fixed @1, character count 5
0:00:00:00 - Switching to length 1
0:00:00:00 - Expanding tables for length 1 to character count 40
0:00:00:00 - Trying length 1, fixed @1, character count 40
0:00:00:00 - Switching to length 3
0:00:00:00 - Expanding tables for length 3 to character count 6
0:00:00:00 - Trying length 3, fixed @3, character count 6
0:00:00:00 - Switching to length 1
0:00:00:00 - Expanding tables for length 1 to character count 41
0:00:00:00 - Trying length 1, fixed @1, character count 41
0:00:00:00 - Switching to length 2
0:00:00:00 - Expanding tables for length 2 to character count 22
0:00:00:00 - Trying length 2, fixed @2, character count 19
0:00:00:00 - Trying length 2, fixed @2, character count 20
0:00:00:00 - Switching to length 3
0:00:00:00 - Expanding tables for length 3 to character count 6
0:00:00:00 - Trying length 3, fixed @1, character count 6
0:00:00:00 - Switching to length 2
0:00:00:00 - Expanding tables for length 2 to character count 23
0:00:00:00 - Trying length 2, fixed @1, character count 23
0:00:00:00 - Switching to length 6
0:00:00:00 - Expanding tables for length 6 to character count 1
0:00:00:00 - Trying length 6, fixed @1, character count 1
0:00:00:00 - Switching to length 2
0:00:00:00 - Expanding tables for length 2 to character count 24
0:00:00:00 - Trying length 2, fixed @1, character count 24
0:00:00:00 - Expanding tables for length 2 to character count 25
0:00:00:00 - Trying length 2, fixed @1, character count 25
0:00:00:00 - Switching to length 1
0:00:00:00 - Expanding tables for length 1 to character count 42
0:00:00:00 - Trying length 1, fixed @1, character count 42
0:00:00:00 - Switching to length 3
0:00:00:00 - Expanding tables for length 3 to character count 6
0:00:00:00 - Trying length 3, fixed @2, character count 6
0:00:00:00 - Expanding tables for length 3 to character count 7
0:00:00:00 - Trying length 3, fixed @3, character count 7
0:00:00:00 - Switching to length 2
0:00:00:00 - Expanding tables for length 2 to character count 25
0:00:00:00 - Trying length 2, fixed @2, character count 21
0:00:00:00 - Switching to length 4
0:00:00:00 - Expanding tables for length 4 to character count 1
0:00:00:00 - Trying length 4, fixed @1, character count 1
0:00:00:00 - Switching to length 3
0:00:00:00 - Expanding tables for length 3 to character count 7
0:00:00:00 - Trying length 3, fixed @1, character count 7
0:00:00:00 - Switching to length 1
0:00:00:00 - Expanding tables for length 1 to character count 43
0:00:00:00 - Trying length 1, fixed @1, character count 43
0:00:00:00 - Switching to length 3
0:00:00:00 - Expanding tables for length 3 to character count 8
0:00:00:00 - Trying length 3, fixed @3, character count 8
0:00:00:00 - Switching to length 2
0:00:00:00 - Expanding tables for length 2 to character count 25
0:00:00:00 - Trying length 2, fixed @2, character count 22
0:00:00:00 - Switching to length 1
0:00:00:00 - Expanding tables for length 1 to character count 44
0:00:00:00 - Trying length 1, fixed @1, character count 44
0:00:00:00 - Expanding tables for length 1 to character count 45
0:00:00:00 - Trying length 1, fixed @1, character count 45
0:00:00:00 - Switching to length 2
0:00:00:00 - Expanding tables for length 2 to character count 25
0:00:00:00 - Trying length 2, fixed @2, character count 23
0:00:00:00 - Switching to length 7
0:00:00:00 - Expanding tables for length 7 to character count 1
0:00:00:00 - Trying length 7, fixed @1, character count 1
0:00:00:00 - Switching to length 2
0:00:00:00 - Expanding tables for length 2 to character count 26
0:00:00:00 - Trying length 2, fixed @1, character count 26
0:00:00:00 - Switching to length 3
0:00:00:00 - Expanding tables for length 3 to character count 8
0:00:00:00 - Trying length 3, fixed @2, character count 7
0:00:00:00 - Switching to length 1
0:00:00:00 - Expanding tables for length 1 to character count 46
0:00:00:00 - Trying length 1, fixed @1, character count 46
0:00:00:00 - Switching to length 3
0:00:00:00 - Expanding tables for length 3 to character count 8
0:00:00:00 - Trying length 3, fixed @1, character count 8
0:00:00:00 - Switching to length 1
0:00:00:00 - Expanding tables for length 1 to character count 47
0:00:00:00 - Trying length 1, fixed @1, character count 47
0:00:00:00 - Switching to length 2
0:00:00:00 - Expanding tables for length 2 to character count 26
0:00:00:00 - Trying length 2, fixed @2, character count 24
0:00:00:00 - Switching to length 3
0:00:00:00 - Expanding tables for length 3 to character count 9
0:00:00:00 - Trying length 3, fixed @3, character count 9
0:00:00:00 - Switching to length 5
0:00:00:00 - Expanding tables for length 5 to character count 1
0:00:00:00 - Trying length 5, fixed @1, character count 1
0:00:00:00 - Switching to length 2
0:00:00:00 - Expanding tables for length 2 to character count 27
0:00:00:00 - Trying length 2, fixed @1, character count 27
0:00:00:00 - Expanding tables for length 2 to character count 28
0:00:00:00 - Trying length 2, fixed @1, character count 28
0:00:00:00 - Switching to length 3
0:00:00:00 - Expanding tables for length 3 to character count 10
0:00:00:00 - Trying length 3, fixed @3, character count 10
0:00:00:00 - Switching to length 4
0:00:00:00 - Expanding tables for length 4 to character count 2
0:00:00:00 - Trying length 4, fixed @3, character count 2
0:00:00:00 - Switching to length 1
0:00:00:00 - Expanding tables for length 1 to character count 48
0:00:00:00 - Trying length 1, fixed @1, character count 48
0:00:00:00 - Switching to length 3
0:00:00:00 - Expanding tables for length 3 to character count 10
0:00:00:00 - Trying length 3, fixed @2, character count 8
0:00:00:00 - Switching to length 2
0:00:00:00 - Expanding tables for length 2 to character count 28
0:00:00:00 - Trying length 2, fixed @2, character count 25
0:00:00:00 - Switching to length 3
0:00:00:00 - Expanding tables for length 3 to character count 10
0:00:00:00 - Trying length 3, fixed @1, character count 9
0:00:00:00 - Switching to length 4
0:00:00:00 - Expanding tables for length 4 to character count 2
0:00:00:00 - Trying length 4, fixed @1, character count 2
0:00:00:00 - Switching to length 2
0:00:00:00 - Expanding tables for length 2 to character count 29
0:00:00:00 - Trying length 2, fixed @1, character count 29
0:00:00:00 - Switching to length 4
0:00:00:00 - Expanding tables for length 4 to character count 2
0:00:00:00 - Trying length 4, fixed @2, character count 2
0:00:00:00 - Switching to length 1
0:00:00:00 - Expanding tables for length 1 to character count 49
0:00:00:00 - Trying length 1, fixed @1, character count 49
0:00:00:00 - Switching to length 3
0:00:00:00 - Expanding tables for length 3 to character count 11
0:00:00:00 - Trying length 3, fixed @3, character count 11
0:00:00:00 - Switching to length 2
0:00:00:00 - Expanding tables for length 2 to character count 30
0:00:00:00 - Trying length 2, fixed @1, character count 30
0:00:00:00 - Switching to length 6
0:00:00:00 - Expanding tables for length 6 to character count 2
0:00:00:00 - Trying length 6, fixed @2, character count 2
0:00:00:00 - Switching to length 2
0:00:00:00 - Expanding tables for length 2 to character count 30
0:00:00:00 - Trying length 2, fixed @2, character count 26
0:00:00:00 - Switching to length 3
0:00:00:00 - Expanding tables for length 3 to character count 11
0:00:00:00 - Trying length 3, fixed @2, character count 9
0:00:00:00 - Trying length 3, fixed @1, character count 10
0:00:00:00 - Switching to length 4
0:00:00:00 - Expanding tables for length 4 to character count 2
0:00:00:00 - Trying length 4, fixed @4, character count 2
0:00:00:00 - Switching to length 6
0:00:00:00 - Expanding tables for length 6 to character count 2
0:00:00:00 - Trying length 6, fixed @6, character count 2
0:00:00:00 - Switching to length 1
0:00:00:00 - Expanding tables for length 1 to character count 50
0:00:00:00 - Trying length 1, fixed @1, character count 50
0:00:00:00 - Switching to length 3
0:00:00:00 - Expanding tables for length 3 to character count 12
0:00:00:00 - Trying length 3, fixed @3, character count 12
0:00:00:00 - Switching to length 2
0:00:00:00 - Expanding tables for length 2 to character count 30
0:00:00:00 - Trying length 2, fixed @2, character count 27
0:00:00:00 - Switching to length 6
0:00:00:00 - Expanding tables for length 6 to character count 2
0:00:00:00 - Trying length 6, fixed @3, character count 2
0:00:00:00 - Switching to length 2
0:00:00:00 - Expanding tables for length 2 to character count 30
0:00:00:00 - Trying length 2, fixed @2, character count 28
0:00:00:00 - Switching to length 5
0:00:00:00 - Expanding tables for length 5 to character count 2
0:00:00:00 - Trying length 5, fixed @2, character count 2
0:00:00:00 - Switching to length 3
0:00:00:00 - Expanding tables for length 3 to character count 12
0:00:00:00 - Trying length 3, fixed @2, character count 10
0:00:00:00 - Switching to length 5
0:00:00:00 - Expanding tables for length 5 to character count 2
0:00:00:00 - Trying length 5, fixed @5, character count 2
0:00:00:00 - Switching to length 2
0:00:00:00 - Expanding tables for length 2 to character count 31
0:00:00:00 - Trying length 2, fixed @1, character count 31
0:00:00:00 - Switching to length 6
0:00:00:00 - Expanding tables for length 6 to character count 2
0:00:00:00 - Trying length 6, fixed @4, character count 2
0:00:00:00 - Switching to length 3
0:00:00:00 - Expanding tables for length 3 to character count 12
0:00:00:00 - Trying length 3, fixed @1, character count 11
0:00:00:00 - Switching to length 1
0:00:00:00 - Expanding tables for length 1 to character count 51
0:00:00:00 - Trying length 1, fixed @1, character count 51
0:00:00:00 - Expanding tables for length 1 to character count 52
0:00:00:00 - Trying length 1, fixed @1, character count 52
0:00:00:00 - Switching to length 3
0:00:00:00 - Expanding tables for length 3 to character count 12
0:00:00:00 - Trying length 3, fixed @2, character count 11
0:00:00:00 - Switching to length 2
0:00:00:00 - Expanding tables for length 2 to character count 31
0:00:00:00 - Trying length 2, fixed @2, character count 29
0:00:00:00 - Switching to length 7
0:00:00:00 - Expanding tables for length 7 to character count 2
0:00:00:00 - Trying length 7, fixed @2, character count 2
0:00:00:00 - Switching to length 5
0:00:00:00 - Expanding tables for length 5 to character count 2
0:00:00:00 - Trying length 5, fixed @3, character count 2
0:00:00:00 - Switching to length 4
0:00:00:00 - Expanding tables for length 4 to character count 3
0:00:00:00 - Trying length 4, fixed @3, character count 3
0:00:00:00 - Trying length 4, fixed @1, character count 3
0:00:00:00 - Switching to length 2
0:00:00:00 - Expanding tables for length 2 to character count 31
0:00:00:00 - Trying length 2, fixed @2, character count 30
0:00:00:00 - Switching to length 3
0:00:00:00 - Expanding tables for length 3 to character count 12
0:00:00:00 - Trying length 3, fixed @2, character count 12
0:00:00:00 - Switching to length 1
0:00:00:00 - Expanding tables for length 1 to character count 53
0:00:00:00 - Trying length 1, fixed @1, character count 53
0:00:00:00 - Switching to length 3
0:00:00:00 - Expanding tables for length 3 to character count 13
0:00:00:00 - Trying length 3, fixed @3, character count 13
0:00:00:00 - Switching to length 4
0:00:00:00 - Expanding tables for length 4 to character count 3
0:00:00:00 - Trying length 4, fixed @2, character count 3
0:00:00:00 - Switching to length 2
0:00:00:00 - Expanding tables for length 2 to character count 31
0:00:00:00 - Trying length 2, fixed @2, character count 31
0:00:00:00 - Switching to length 3
0:00:00:00 - Expanding tables for length 3 to character count 13
0:00:00:00 - Trying length 3, fixed @1, character count 12
0:00:00:00 - Switching to length 1
0:00:00:00 - Expanding tables for length 1 to character count 54
0:00:00:00 - Trying length 1, fixed @1, character count 54
0:00:00:00 - Switching to length 2
0:00:00:00 - Expanding tables for length 2 to character count 32
0:00:00:00 - Trying length 2, fixed @1, character count 32
0:00:00:00 - Switching to length 4
0:00:00:00 - Expanding tables for length 4 to character count 3
0:00:00:00 - Trying length 4, fixed @4, character count 3
0:00:00:00 - Switching to length 5
0:00:00:00 - Expanding tables for length 5 to character count 2
0:00:00:00 - Trying length 5, fixed @4, character count 2
0:00:00:00 - Switching to length 6
0:00:00:00 - Expanding tables for length 6 to character count 2
0:00:00:00 - Trying length 6, fixed @1, character count 2
0:00:00:00 - Switching to length 1
0:00:00:00 - Expanding tables for length 1 to character count 55
0:00:00:00 - Trying length 1, fixed @1, character count 55
0:00:00:00 - Switching to length 3
0:00:00:00 - Expanding tables for length 3 to character count 13
0:00:00:00 - Trying length 3, fixed @1, character count 13
0:00:00:00 - Switching to length 1
0:00:00:00 - Expanding tables for length 1 to character count 56
0:00:00:00 - Trying length 1, fixed @1, character count 56
0:00:00:00 - Switching to length 7
0:00:00:00 - Expanding tables for length 7 to character count 2
0:00:00:00 - Trying length 7, fixed @1, character count 2
0:00:00:00 - Switching to length 2
0:00:00:00 - Expanding tables for length 2 to character count 32
0:00:00:00 - Trying length 2, fixed @2, character count 32
0:00:00:00 - Switching to length 7
0:00:00:00 - Expanding tables for length 7 to character count 2
0:00:00:00 - Trying length 7, fixed @3, character count 2
0:00:00:00 - Switching to length 5
0:00:00:00 - Expanding tables for length 5 to character count 2
0:00:00:00 - Trying length 5, fixed @1, character count 2
0:00:00:00 - Switching to length 7
0:00:00:00 - Expanding tables for length 7 to character count 2
0:00:00:01 - Trying length 7, fixed @7, character count 2
0:00:00:01 - Switching to length 3
0:00:00:01 - Expanding tables for length 3 to character count 13
0:00:00:01 - Trying length 3, fixed @2, character count 13
0:00:00:01 - Switching to length 2
0:00:00:01 - Expanding tables for length 2 to character count 33
0:00:00:01 - Trying length 2, fixed @2, character count 33
0:00:00:01 - Switching to length 3
0:00:00:01 - Expanding tables for length 3 to character count 14
0:00:00:01 - Trying length 3, fixed @1, character count 14
0:00:00:01 - Switching to length 2
0:00:00:01 - Expanding tables for length 2 to character count 34
0:00:00:01 - Trying length 2, fixed @2, character count 34
0:00:00:01 - Switching to length 3
0:00:00:01 - Expanding tables for length 3 to character count 14
0:00:00:01 - Trying length 3, fixed @3, character count 14
0:00:00:01 - Switching to length 7
0:00:00:01 - Expanding tables for length 7 to character count 2
0:00:00:01 - Trying length 7, fixed @5, character count 2
0:00:00:01 - Switching to length 3
0:00:00:01 - Expanding tables for length 3 to character count 14
0:00:00:01 - Trying length 3, fixed @2, character count 14
0:00:00:01 - Switching to length 4
0:00:00:01 - Expanding tables for length 4 to character count 4
0:00:00:01 - Trying length 4, fixed @3, character count 4
0:00:00:01 - Switching to length 2
0:00:00:01 - Expanding tables for length 2 to character count 34
0:00:00:01 - Trying length 2, fixed @1, character count 33
0:00:00:01 - Switching to length 6
0:00:00:01 - Expanding tables for length 6 to character count 2
0:00:00:01 - Trying length 6, fixed @5, character count 2
0:00:00:01 - Switching to length 7
0:00:00:01 - Expanding tables for length 7 to character count 2
0:00:00:01 - Trying length 7, fixed @6, character count 2
0:00:00:01 - Switching to length 4
0:00:00:01 - Expanding tables for length 4 to character count 4
0:00:00:01 - Trying length 4, fixed @4, character count 4
0:00:00:01 - Switching to length 3
0:00:00:01 - Expanding tables for length 3 to character count 15
0:00:00:01 - Trying length 3, fixed @2, character count 15
0:00:00:01 - Switching to length 2
0:00:00:01 - Expanding tables for length 2 to character count 34
0:00:00:01 - Trying length 2, fixed @1, character count 34
0:00:00:01 - Switching to length 1
0:00:00:01 - Expanding tables for length 1 to character count 57
0:00:00:01 - Trying length 1, fixed @1, character count 57
0:00:00:01 - Switching to length 3
0:00:00:01 - Expanding tables for length 3 to character count 15
0:00:00:01 - Trying length 3, fixed @1, character count 15
0:00:00:01 - Switching to length 4
0:00:00:01 - Expanding tables for length 4 to character count 5
0:00:00:01 - Trying length 4, fixed @4, character count 5
0:00:00:01 - Switching to length 2
0:00:00:01 - Expanding tables for length 2 to character count 35
0:00:00:01 - Trying length 2, fixed @1, character count 35
0:00:00:01 - Switching to length 1
0:00:00:01 - Expanding tables for length 1 to character count 58
0:00:00:01 - Trying length 1, fixed @1, character count 58
0:00:00:01 - Switching to length 4
0:00:00:01 - Expanding tables for length 4 to character count 5
0:00:00:01 - Trying length 4, fixed @2, character count 4
0:00:00:01 - Switching to length 5
0:00:00:01 - Expanding tables for length 5 to character count 3
0:00:00:01 - Trying length 5, fixed @2, character count 3
0:00:00:01 - Switching to length 3
0:00:00:01 - Expanding tables for length 3 to character count 15
0:00:00:01 - Trying length 3, fixed @3, character count 15
0:00:00:01 - Expanding tables for length 3 to character count 16
0:00:00:01 - Trying length 3, fixed @2, character count 16
0:00:00:01 - Switching to length 7
0:00:00:01 - Expanding tables for length 7 to character count 2
0:00:00:01 - Trying length 7, fixed @4, character count 2
0:00:00:01 - Switching to length 2
0:00:00:01 - Expanding tables for length 2 to character count 35
0:00:00:01 - Trying length 2, fixed @2, character count 35
0:00:00:01 - Switching to length 5
0:00:00:01 - Expanding tables for length 5 to character count 3
0:00:00:01 - Trying length 5, fixed @5, character count 3
0:00:00:01 - Switching to length 3
0:00:00:01 - Expanding tables for length 3 to character count 16
0:00:00:01 - Trying length 3, fixed @1, character count 16
0:00:00:01 - Expanding tables for length 3 to character count 17
0:00:00:01 - Trying length 3, fixed @2, character count 17
0:00:00:01 - Switching to length 4
0:00:00:01 - Expanding tables for length 4 to character count 5
0:00:00:01 - Trying length 4, fixed @1, character count 4
0:00:00:01 - Trying length 4, fixed @2, character count 5
0:00:00:01 - Switching to length 3
0:00:00:01 - Expanding tables for length 3 to character count 17
0:00:00:01 - Trying length 3, fixed @3, character count 16
0:00:00:01 - Switching to length 4
0:00:00:01 - Expanding tables for length 4 to character count 5
0:00:00:01 - Trying length 4, fixed @1, character count 5
0:00:00:01 - Switching to length 3
0:00:00:01 - Expanding tables for length 3 to character count 18
0:00:00:01 - Trying length 3, fixed @2, character count 18
0:00:00:01 - Switching to length 2
0:00:00:01 - Expanding tables for length 2 to character count 36
0:00:00:01 - Trying length 2, fixed @2, character count 36
0:00:00:01 - Switching to length 5
0:00:00:01 - Expanding tables for length 5 to character count 3
0:00:00:01 - Trying length 5, fixed @3, character count 3
0:00:00:01 - Switching to length 3
0:00:00:01 - Expanding tables for length 3 to character count 18
0:00:00:01 - Trying length 3, fixed @3, character count 17
0:00:00:01 - Trying length 3, fixed @1, character count 17
0:00:00:01 - Switching to length 6
0:00:00:01 - Expanding tables for length 6 to character count 3
0:00:00:01 - Trying length 6, fixed @2, character count 3
0:00:00:01 - Trying length 6, fixed @6, character count 3
0:00:00:01 - Switching to length 3
0:00:00:01 - Expanding tables for length 3 to character count 18
0:00:00:01 - Trying length 3, fixed @1, character count 18
0:00:00:01 - Switching to length 1
0:00:00:01 - Expanding tables for length 1 to character count 59
0:00:00:01 - Trying length 1, fixed @1, character count 59
0:00:00:01 - Switching to length 6
0:00:00:01 - Expanding tables for length 6 to character count 3
0:00:00:01 - Trying length 6, fixed @3, character count 3
0:00:00:01 - Switching to length 3
0:00:00:01 - Expanding tables for length 3 to character count 19
0:00:00:01 - Trying length 3, fixed @1, character count 19
0:00:00:01 - Switching to length 1
0:00:00:01 - Expanding tables for length 1 to character count 60
0:00:00:01 - Trying length 1, fixed @1, character count 60
0:00:00:01 - Switching to length 5
0:00:00:01 - Expanding tables for length 5 to character count 3
0:00:00:01 - Trying length 5, fixed @4, character count 3
0:00:00:01 - Switching to length 3
0:00:00:01 - Expanding tables for length 3 to character count 19
0:00:00:01 - Trying length 3, fixed @3, character count 18
0:00:00:01 - Switching to length 4
0:00:00:01 - Expanding tables for length 4 to character count 5
0:00:00:01 - Trying length 4, fixed @3, character count 5
0:00:00:01 - Switching to length 1
0:00:00:01 - Expanding tables for length 1 to character count 61
0:00:00:01 - Trying length 1, fixed @1, character count 61
0:00:00:01 - Expanding tables for length 1 to character count 62
0:00:00:01 - Trying length 1, fixed @1, character count 62
0:00:00:01 - Switching to length 2
0:00:00:01 - Expanding tables for length 2 to character count 37
0:00:00:01 - Trying length 2, fixed @2, character count 37
0:00:00:01 - Switching to length 3
0:00:00:01 - Expanding tables for length 3 to character count 19
0:00:00:01 - Trying length 3, fixed @2, character count 19
0:00:00:01 - Switching to length 4
0:00:00:01 - Expanding tables for length 4 to character count 6
0:00:00:01 - Trying length 4, fixed @1, character count 6
0:00:00:01 - Switching to length 6
0:00:00:01 - Expanding tables for length 6 to character count 3
0:00:00:01 - Trying length 6, fixed @1, character count 3
0:00:00:01 - Switching to length 3
0:00:00:01 - Expanding tables for length 3 to character count 20
0:00:00:01 - Trying length 3, fixed @1, character count 20
0:00:00:01 - Switching to length 5
0:00:00:01 - Expanding tables for length 5 to character count 3
0:00:00:01 - Trying length 5, fixed @1, character count 3
0:00:00:01 - Switching to length 7
0:00:00:01 - Expanding tables for length 7 to character count 3
0:00:00:01 - Trying length 7, fixed @2, character count 3
0:00:00:01 - Switching to length 4
0:00:00:01 - Expanding tables for length 4 to character count 6
0:00:00:01 - Trying length 4, fixed @2, character count 6
0:00:00:01 - Switching to length 3
0:00:00:01 - Expanding tables for length 3 to character count 21
0:00:00:01 - Trying length 3, fixed @1, character count 21
0:00:00:01 - Switching to length 6
0:00:00:01 - Expanding tables for length 6 to character count 3
0:00:00:01 - Trying length 6, fixed @5, character count 3
0:00:00:01 - Switching to length 2
0:00:00:01 - Expanding tables for length 2 to character count 38
0:00:00:01 - Trying length 2, fixed @2, character count 38
0:00:00:01 - Switching to length 5
0:00:00:01 - Expanding tables for length 5 to character count 4
0:00:00:01 - Trying length 5, fixed @2, character count 4
0:00:00:01 - Switching to length 6
0:00:00:01 - Expanding tables for length 6 to character count 3
0:00:00:01 - Trying length 6, fixed @4, character count 3
0:00:00:01 - Switching to length 7
0:00:00:01 - Expanding tables for length 7 to character count 3
0:00:00:01 - Trying length 7, fixed @3, character count 3
0:00:00:01 - Switching to length 4
0:00:00:01 - Expanding tables for length 4 to character count 6
0:00:00:01 - Trying length 4, fixed @3, character count 6
0:00:00:01 - Trying length 4, fixed @4, character count 6
0:00:00:01 - Switching to length 1
0:00:00:01 - Expanding tables for length 1 to character count 63
0:00:00:01 - Trying length 1, fixed @1, character count 63
0:00:00:01 - Switching to length 2
0:00:00:01 - Expanding tables for length 2 to character count 38
0:00:00:01 - Trying length 2, fixed @1, character count 36
0:00:00:01 - Switching to length 7
0:00:00:01 - Expanding tables for length 7 to character count 3
0:00:00:01 - Trying length 7, fixed @5, character count 3
0:00:00:01 - Switching to length 3
0:00:00:01 - Expanding tables for length 3 to character count 21
0:00:00:01 - Trying length 3, fixed @2, character count 20
0:00:00:01 - Switching to length 5
0:00:00:01 - Expanding tables for length 5 to character count 4
0:00:00:01 - Trying length 5, fixed @5, character count 4
0:00:00:01 - Trying length 5, fixed @3, character count 4
0:00:00:01 - Switching to length 2
0:00:00:01 - Expanding tables for length 2 to character count 38
0:00:00:01 - Trying length 2, fixed @1, character count 37
0:00:00:01 - Switching to length 3
0:00:00:01 - Expanding tables for length 3 to character count 22
0:00:00:01 - Trying length 3, fixed @1, character count 22
0:00:00:01 - Switching to length 4
0:00:00:01 - Expanding tables for length 4 to character count 7
0:00:00:01 - Trying length 4, fixed @1, character count 7
0:00:00:01 - Switching to length 1
0:00:00:01 - Expanding tables for length 1 to character count 64
0:00:00:01 - Trying length 1, fixed @1, character count 64
0:00:00:01 - Switching to length 3
0:00:00:01 - Expanding tables for length 3 to character count 23
0:00:00:01 - Trying length 3, fixed @1, character count 23
0:00:00:01 - Switching to length 7
0:00:00:01 - Expanding tables for length 7 to character count 3
0:00:00:01 - Trying length 7, fixed @4, character count 3
0:00:00:01 - Switching to length 5
0:00:00:02 - Expanding tables for length 5 to character count 5
0:00:00:02 - Trying length 5, fixed @2, character count 5
0:00:00:02 - Trying length 5, fixed @5, character count 5
0:00:00:02 - Switching to length 7
0:00:00:02 - Expanding tables for length 7 to character count 3
0:00:00:02 - Trying length 7, fixed @7, character count 3
0:00:00:02 - Switching to length 6
0:00:00:02 - Expanding tables for length 6 to character count 4
0:00:00:02 - Trying length 6, fixed @6, character count 4
0:00:00:02 - Switching to length 1
0:00:00:02 - Expanding tables for length 1 to character count 65
0:00:00:02 - Trying length 1, fixed @1, character count 65
0:00:00:02 - Switching to length 3
0:00:00:02 - Expanding tables for length 3 to character count 23
0:00:00:02 - Trying length 3, fixed @3, character count 19
0:00:00:02 - Switching to length 1
0:00:00:02 - Expanding tables for length 1 to character count 66
0:00:00:02 - Trying length 1, fixed @1, character count 66
0:00:00:02 - Switching to length 7
0:00:00:02 - Expanding tables for length 7 to character count 3
0:00:00:02 - Trying length 7, fixed @1, character count 3
0:00:00:02 - Switching to length 4
0:00:00:02 - Expanding tables for length 4 to character count 7
0:00:00:02 - Trying length 4, fixed @2, character count 7
0:00:00:02 - Switching to length 3
0:00:00:02 - Expanding tables for length 3 to character count 23
0:00:00:02 - Trying length 3, fixed @2, character count 21
0:00:00:02 - Switching to length 5
0:00:00:02 - Expanding tables for length 5 to character count 5
0:00:00:02 - Trying length 5, fixed @3, character count 5
0:00:00:02 - Switching to length 4
0:00:00:02 - Expanding tables for length 4 to character count 7
0:00:00:02 - Trying length 4, fixed @4, character count 7
0:00:00:02 - Switching to length 3
0:00:00:02 - Expanding tables for length 3 to character count 24
0:00:00:02 - Trying length 3, fixed @1, character count 24
0:00:00:02 - Switching to length 6
0:00:00:02 - Expanding tables for length 6 to character count 4
0:00:00:02 - Trying length 6, fixed @2, character count 4
0:00:00:02 - Switching to length 7
0:00:00:02 - Expanding tables for length 7 to character count 3
0:00:00:02 - Trying length 7, fixed @6, character count 3
0:00:00:02 - Switching to length 3
0:00:00:02 - Expanding tables for length 3 to character count 24
0:00:00:02 - Trying length 3, fixed @3, character count 20
0:00:00:02 - Switching to length 4
0:00:00:02 - Expanding tables for length 4 to character count 7
0:00:00:02 - Trying length 4, fixed @3, character count 7
0:00:00:02 - Switching to length 3
0:00:00:02 - Expanding tables for length 3 to character count 24
0:00:00:02 - Trying length 3, fixed @2, character count 22
0:00:00:02 - Switching to length 6
0:00:00:02 - Expanding tables for length 6 to character count 4
0:00:00:02 - Trying length 6, fixed @3, character count 4
0:00:00:02 - Switching to length 1
0:00:00:02 - Expanding tables for length 1 to character count 67
0:00:00:02 - Trying length 1, fixed @1, character count 67
0:00:00:02 - Switching to length 6
0:00:00:02 - Expanding tables for length 6 to character count 5
0:00:00:02 - Trying length 6, fixed @2, character count 5
0:00:00:02 - Switching to length 3
0:00:00:02 - Expanding tables for length 3 to character count 25
0:00:00:02 - Trying length 3, fixed @1, character count 25
0:00:00:02 - Switching to length 4
0:00:00:02 - Expanding tables for length 4 to character count 8
0:00:00:02 - Trying length 4, fixed @1, character count 8
0:00:00:02 - Switching to length 3
0:00:00:02 - Expanding tables for length 3 to character count 26
0:00:00:02 - Trying length 3, fixed @1, character count 26
0:00:00:02 - Expanding tables for length 3 to character count 27
0:00:00:02 - Trying length 3, fixed @1, character count 27
0:00:00:02 - Switching to length 2
0:00:00:02 - Expanding tables for length 2 to character count 38
0:00:00:02 - Trying length 2, fixed @1, character count 38
0:00:00:02 - Switching to length 5
0:00:00:02 - Expanding tables for length 5 to character count 5
0:00:00:02 - Trying length 5, fixed @4, character count 4
0:00:00:02 - Trying length 5, fixed @1, character count 4
0:00:00:02 - Switching to length 6
0:00:00:02 - Expanding tables for length 6 to character count 5
0:00:00:02 - Trying length 6, fixed @5, character count 4
0:00:00:02 - Switching to length 3
0:00:00:02 - Expanding tables for length 3 to character count 27
0:00:00:02 - Trying length 3, fixed @2, character count 23
0:00:00:02 - Switching to length 4
0:00:00:02 - Expanding tables for length 4 to character count 8
0:00:00:02 - Trying length 4, fixed @4, character count 8
0:00:00:02 - Switching to length 5
0:00:00:02 - Expanding tables for length 5 to character count 5
0:00:00:02 - Trying length 5, fixed @4, character count 5
0:00:00:02 - Switching to length 3
0:00:00:02 - Expanding tables for length 3 to character count 27
0:00:00:02 - Trying length 3, fixed @2, character count 24
0:00:00:02 - Switching to length 2
0:00:00:02 - Expanding tables for length 2 to character count 39
0:00:00:02 - Trying length 2, fixed @2, character count 39
0:00:00:02 - Switching to length 4
0:00:00:02 - Expanding tables for length 4 to character count 8
0:00:00:02 - Trying length 4, fixed @2, character count 8
0:00:00:02 - Switching to length 2
0:00:00:02 - Expanding tables for length 2 to character count 39
0:00:00:02 - Trying length 2, fixed @1, character count 39
0:00:00:02 - Switching to length 4
0:00:00:02 - Expanding tables for length 4 to character count 8
0:00:00:02 - Trying length 4, fixed @3, character count 8
0:00:00:02 - Switching to length 6
0:00:00:02 - Expanding tables for length 6 to character count 5
0:00:00:02 - Trying length 6, fixed @1, character count 4
0:00:00:02 - Switching to length 5
0:00:00:02 - Expanding tables for length 5 to character count 5
0:00:00:02 - Trying length 5, fixed @1, character count 5
0:00:00:02 - Switching to length 2
0:00:00:02 - Expanding tables for length 2 to character count 40
0:00:00:02 - Trying length 2, fixed @1, character count 40
0:00:00:02 - Switching to length 6
0:00:00:02 - Expanding tables for length 6 to character count 5
0:00:00:02 - Trying length 6, fixed @1, character count 5
0:00:00:02 - Trying length 6, fixed @3, character count 5
0:00:00:02 - Switching to length 3
0:00:00:02 - Expanding tables for length 3 to character count 28
0:00:00:02 - Trying length 3, fixed @1, character count 28
0:00:00:02 - Expanding tables for length 3 to character count 29
0:00:00:02 - Trying length 3, fixed @1, character count 29
0:00:00:02 - Switching to length 2
0:00:00:02 - Expanding tables for length 2 to character count 40
0:00:00:02 - Trying length 2, fixed @2, character count 40
0:00:00:02 - Switching to length 6
0:00:00:02 - Expanding tables for length 6 to character count 5
0:00:00:02 - Trying length 6, fixed @5, character count 5
0:00:00:02 - Switching to length 3
0:00:00:02 - Expanding tables for length 3 to character count 29
0:00:00:02 - Trying length 3, fixed @2, character count 25
0:00:00:02 - Switching to length 4
0:00:00:02 - Expanding tables for length 4 to character count 9
0:00:00:02 - Trying length 4, fixed @1, character count 9
0:00:00:02 - Switching to length 7
0:00:00:02 - Expanding tables for length 7 to character count 4
0:00:00:02 - Trying length 7, fixed @2, character count 4
0:00:00:02 - Switching to length 1
0:00:00:02 - Expanding tables for length 1 to character count 68
0:00:00:02 - Trying length 1, fixed @1, character count 68
0:00:00:02 - Switching to length 5
0:00:00:02 - Expanding tables for length 5 to character count 6
0:00:00:02 - Trying length 5, fixed @3, character count 6
0:00:00:02 - Switching to length 2
0:00:00:02 - Expanding tables for length 2 to character count 41
0:00:00:02 - Trying length 2, fixed @2, character count 41
0:00:00:02 - Switching to length 4
0:00:00:02 - Expanding tables for length 4 to character count 9
0:00:00:02 - Trying length 4, fixed @4, character count 9
0:00:00:02 - Switching to length 6
0:00:00:02 - Expanding tables for length 6 to character count 5
0:00:00:02 - Trying length 6, fixed @4, character count 4
0:00:00:02 - Switching to length 3
0:00:00:02 - Expanding tables for length 3 to character count 29
0:00:00:02 - Trying length 3, fixed @3, character count 21
0:00:00:02 - Switching to length 6
0:00:00:02 - Expanding tables for length 6 to character count 5
0:00:00:02 - Trying length 6, fixed @6, character count 5
0:00:00:02 - Switching to length 5
0:00:00:02 - Expanding tables for length 5 to character count 6
0:00:00:02 - Trying length 5, fixed @5, character count 6
0:00:00:02 - Switching to length 4
0:00:00:02 - Expanding tables for length 4 to character count 9
0:00:00:02 - Trying length 4, fixed @2, character count 9
0:00:00:02 - Switching to length 2
0:00:00:02 - Expanding tables for length 2 to character count 41
0:00:00:02 - Trying length 2, fixed @1, character count 41
0:00:00:02 - Switching to length 3
0:00:00:02 - Expanding tables for length 3 to character count 29
0:00:00:02 - Trying length 3, fixed @3, character count 22
0:00:00:02 - Trying length 3, fixed @2, character count 26
0:00:00:02 - Switching to length 2
0:00:00:02 - Expanding tables for length 2 to character count 42
0:00:00:02 - Trying length 2, fixed @2, character count 42
0:00:00:02 - Switching to length 4
0:00:00:02 - Expanding tables for length 4 to character count 9
0:00:00:02 - Trying length 4, fixed @3, character count 9
0:00:00:02 - Switching to length 7
0:00:00:02 - Expanding tables for length 7 to character count 4
0:00:00:02 - Trying length 7, fixed @1, character count 4
0:00:00:02 - Switching to length 3
0:00:00:02 - Expanding tables for length 3 to character count 29
0:00:00:02 - Trying length 3, fixed @3, character count 23
0:00:00:02 - Switching to length 2
0:00:00:02 - Expanding tables for length 2 to character count 43
0:00:00:02 - Trying length 2, fixed @2, character count 43
0:00:00:02 - Switching to length 7
0:00:00:02 - Expanding tables for length 7 to character count 4
0:00:00:02 - Trying length 7, fixed @6, character count 4
0:00:00:02 - Switching to length 2
0:00:00:02 - Expanding tables for length 2 to character count 44
0:00:00:02 - Trying length 2, fixed @2, character count 44
0:00:00:02 - Switching to length 5
0:00:00:02 - Expanding tables for length 5 to character count 6
0:00:00:02 - Trying length 5, fixed @4, character count 6
0:00:00:02 - Switching to length 4
0:00:00:03 - Expanding tables for length 4 to character count 10
0:00:00:03 - Trying length 4, fixed @4, character count 10
0:00:00:03 - Switching to length 6
0:00:00:03 - Expanding tables for length 6 to character count 5
0:00:00:03 - Trying length 6, fixed @4, character count 5
0:00:00:03 - Switching to length 2
0:00:00:03 - Expanding tables for length 2 to character count 44
0:00:00:03 - Trying length 2, fixed @1, character count 42
0:00:00:03 - Switching to length 7
0:00:00:03 - Expanding tables for length 7 to character count 4
0:00:00:03 - Trying length 7, fixed @3, character count 4
0:00:00:03 - Switching to length 4
0:00:00:03 - Expanding tables for length 4 to character count 10
0:00:00:03 - Trying length 4, fixed @2, character count 10
0:00:00:03 - Switching to length 7
0:00:00:03 - Expanding tables for length 7 to character count 5
0:00:00:03 - Trying length 7, fixed @6, character count 5
0:00:00:03 - Switching to length 2
0:00:00:03 - Expanding tables for length 2 to character count 45
0:00:00:03 - Trying length 2, fixed @2, character count 45
0:00:00:03 - Switching to length 3
0:00:00:03 - Expanding tables for length 3 to character count 29
0:00:00:03 - Trying length 3, fixed @2, character count 27
0:00:00:03 - Expanding tables for length 3 to character count 30
0:00:00:03 - Trying length 3, fixed @1, character count 30
0:00:00:03 - Switching to length 4
0:00:00:03 - Expanding tables for length 4 to character count 10
0:00:00:03 - Trying length 4, fixed @3, character count 10
0:00:00:03 - Switching to length 7
0:00:00:03 - Expanding tables for length 7 to character count 5
0:00:00:03 - Trying length 7, fixed @1, character count 5
0:00:00:03 - Switching to length 2
0:00:00:03 - Expanding tables for length 2 to character count 46
0:00:00:03 - Trying length 2, fixed @2, character count 46
0:00:00:03 - Switching to length 5
0:00:00:03 - Expanding tables for length 5 to character count 6
0:00:00:03 - Trying length 5, fixed @2, character count 6
0:00:00:03 - Switching to length 4
0:00:00:03 - Expanding tables for length 4 to character count 10
0:00:00:03 - Trying length 4, fixed @1, character count 10
0:00:00:03 - Switching to length 7
0:00:00:03 - Expanding tables for length 7 to character count 5
0:00:00:03 - Trying length 7, fixed @3, character count 5
0:00:00:03 - Switching to length 5
0:00:00:03 - Expanding tables for length 5 to character count 6
0:00:00:03 - Trying length 5, fixed @1, character count 6
0:00:00:03 - Switching to length 1
0:00:00:03 - Expanding tables for length 1 to character count 69
0:00:00:03 - Trying length 1, fixed @1, character count 69
0:00:00:03 - Switching to length 3
0:00:00:03 - Expanding tables for length 3 to character count 30
0:00:00:03 - Trying length 3, fixed @3, character count 24
0:00:00:03 - Switching to length 4
0:00:00:03 - Expanding tables for length 4 to character count 11
0:00:00:03 - Trying length 4, fixed @4, character count 11
0:00:00:03 - Switching to length 6
0:00:00:03 - Expanding tables for length 6 to character count 6
0:00:00:03 - Trying length 6, fixed @5, character count 6
0:00:00:03 - Switching to length 3
0:00:00:03 - Expanding tables for length 3 to character count 30
0:00:00:03 - Trying length 3, fixed @2, character count 28
0:00:00:03 - Trying length 3, fixed @2, character count 29
0:00:00:03 - Switching to length 7
0:00:00:03 - Expanding tables for length 7 to character count 5
0:00:00:03 - Trying length 7, fixed @4, character count 4
0:00:00:03 - Switching to length 5
0:00:00:03 - Expanding tables for length 5 to character count 7
0:00:00:03 - Trying length 5, fixed @5, character count 7
0:00:00:03 - Switching to length 6
0:00:00:03 - Expanding tables for length 6 to character count 6
0:00:00:03 - Trying length 6, fixed @3, character count 6
0:00:00:03 - Switching to length 1
0:00:00:03 - Expanding tables for length 1 to character count 70
0:00:00:03 - Trying length 1, fixed @1, character count 70
0:00:00:03 - Switching to length 4
0:00:00:03 - Expanding tables for length 4 to character count 11
0:00:00:03 - Trying length 4, fixed @3, character count 11
0:00:00:03 - Switching to length 5
0:00:00:03 - Expanding tables for length 5 to character count 7
0:00:00:03 - Trying length 5, fixed @3, character count 7
0:00:00:03 - Switching to length 2
0:00:00:03 - Expanding tables for length 2 to character count 46
0:00:00:03 - Trying length 2, fixed @1, character count 43
0:00:00:03 - Expanding tables for length 2 to character count 47
0:00:00:03 - Trying length 2, fixed @2, character count 47
0:00:00:03 - Switching to length 4
0:00:00:03 - Expanding tables for length 4 to character count 12
0:00:00:03 - Trying length 4, fixed @4, character count 12
0:00:00:03 - Switching to length 6
0:00:00:03 - Expanding tables for length 6 to character count 6
0:00:00:03 - Trying length 6, fixed @6, character count 6
0:00:00:03 - Switching to length 3
0:00:00:03 - Expanding tables for length 3 to character count 30
0:00:00:03 - Trying length 3, fixed @3, character count 25
0:00:00:03 - Trying length 3, fixed @3, character count 26
0:00:00:03 - Switching to length 4
0:00:00:03 - Expanding tables for length 4 to character count 12
0:00:00:03 - Trying length 4, fixed @1, character count 11
0:00:00:03 - Switching to length 7
0:00:00:03 - Expanding tables for length 7 to character count 5
0:00:00:03 - Trying length 7, fixed @7, character count 4
0:00:00:03 - Trying length 7, fixed @2, character count 5
0:00:00:03 - Switching to length 4
0:00:00:03 - Expanding tables for length 4 to character count 12
0:00:00:03 - Trying length 4, fixed @2, character count 11
0:00:00:03 - Switching to length 3
0:00:00:03 - Expanding tables for length 3 to character count 30
0:00:00:03 - Trying length 3, fixed @2, character count 30
0:00:00:03 - Switching to length 4
0:00:00:03 - Expanding tables for length 4 to character count 13
0:00:00:03 - Trying length 4, fixed @4, character count 13
0:00:00:03 - Switching to length 1
0:00:00:03 - Expanding tables for length 1 to character count 71
0:00:00:03 - Trying length 1, fixed @1, character count 71
0:00:00:03 - Switching to length 5
0:00:00:03 - Expanding tables for length 5 to character count 7
0:00:00:03 - Trying length 5, fixed @2, character count 7
0:00:00:03 - Switching to length 7
0:00:00:03 - Expanding tables for length 7 to character count 5
0:00:00:03 - Trying length 7, fixed @7, character count 5
0:00:00:03 - Switching to length 6
0:00:00:03 - Expanding tables for length 6 to character count 6
0:00:00:03 - Trying length 6, fixed @2, character count 6
0:00:00:03 - Switching to length 1
0:00:00:03 - Expanding tables for length 1 to character count 72
0:00:00:03 - Trying length 1, fixed @1, character count 72
0:00:00:03 - Switching to length 6
0:00:00:03 - Expanding tables for length 6 to character count 6
0:00:00:03 - Trying length 6, fixed @1, character count 6
0:00:00:03 - Switching to length 5
0:00:00:03 - Expanding tables for length 5 to character count 7
0:00:00:03 - Trying length 5, fixed @4, character count 7
0:00:00:03 - Switching to length 2
0:00:00:03 - Expanding tables for length 2 to character count 48
0:00:00:03 - Trying length 2, fixed @2, character count 48
0:00:00:03 - Switching to length 4
0:00:00:03 - Expanding tables for length 4 to character count 13
0:00:00:03 - Trying length 4, fixed @3, character count 12
0:00:00:03 - Switching to length 1
0:00:00:03 - Expanding tables for length 1 to character count 73
0:00:00:03 - Trying length 1, fixed @1, character count 73
0:00:00:03 - Switching to length 5
0:00:00:03 - Expanding tables for length 5 to character count 7
0:00:00:03 - Trying length 5, fixed @1, character count 7
0:00:00:03 - Switching to length 3
0:00:00:03 - Expanding tables for length 3 to character count 30
0:00:00:03 - Trying length 3, fixed @3, character count 27
0:00:00:03 - Expanding tables for length 3 to character count 31
0:00:00:03 - Trying length 3, fixed @2, character count 31
0:00:00:03 - Switching to length 4
0:00:00:03 - Expanding tables for length 4 to character count 13
0:00:00:03 - Trying length 4, fixed @2, character count 12
0:00:00:03 - Switching to length 3
0:00:00:03 - Expanding tables for length 3 to character count 31
0:00:00:03 - Trying length 3, fixed @1, character count 31
0:00:00:03 - Switching to length 6
0:00:00:03 - Expanding tables for length 6 to character count 6
0:00:00:03 - Trying length 6, fixed @4, character count 6
0:00:00:03 - Switching to length 7
0:00:00:03 - Expanding tables for length 7 to character count 5
0:00:00:03 - Trying length 7, fixed @5, character count 4
0:00:00:03 - Switching to length 4
0:00:00:03 - Expanding tables for length 4 to character count 13
0:00:00:04 - Trying length 4, fixed @1, character count 12
0:00:00:04 - Switching to length 7
0:00:00:04 - Expanding tables for length 7 to character count 5
0:00:00:04 - Trying length 7, fixed @5, character count 5
0:00:00:04 - Switching to length 4
0:00:00:04 - Expanding tables for length 4 to character count 14
0:00:00:04 - Trying length 4, fixed @4, character count 14
0:00:00:04 - Switching to length 2
0:00:00:04 - Expanding tables for length 2 to character count 49
0:00:00:04 - Trying length 2, fixed @2, character count 49
0:00:00:04 - Switching to length 7
0:00:00:04 - Expanding tables for length 7 to character count 5
0:00:00:04 - Trying length 7, fixed @4, character count 5
0:00:00:04 - Switching to length 6
0:00:00:04 - Expanding tables for length 6 to character count 7
0:00:00:04 - Trying length 6, fixed @5, character count 7
0:00:00:04 - Switching to length 3
0:00:00:04 - Expanding tables for length 3 to character count 31
0:00:00:04 - Trying length 3, fixed @3, character count 28
0:00:00:04 - Switching to length 4
0:00:00:04 - Expanding tables for length 4 to character count 15
0:00:00:04 - Trying length 4, fixed @4, character count 15
0:00:00:04 - Switching to length 5
0:00:00:04 - Expanding tables for length 5 to character count 8
0:00:00:04 - Trying length 5, fixed @1, character count 8
0:00:00:04 - Switching to length 3
0:00:00:04 - Expanding tables for length 3 to character count 31
0:00:00:04 - Trying length 3, fixed @3, character count 29
0:00:00:04 - Switching to length 2
0:00:00:04 - Expanding tables for length 2 to character count 50
0:00:00:04 - Trying length 2, fixed @2, character count 50
0:00:00:04 - Switching to length 5
0:00:00:04 - Expanding tables for length 5 to character count 8
0:00:00:04 - Trying length 5, fixed @3, character count 8
0:00:00:04 - Switching to length 6
0:00:00:04 - Expanding tables for length 6 to character count 7
0:00:00:04 - Trying length 6, fixed @6, character count 7
0:00:00:04 - Switching to length 4
0:00:00:04 - Expanding tables for length 4 to character count 15
0:00:00:04 - Trying length 4, fixed @3, character count 13
0:00:00:04 - Switching to length 2
0:00:00:04 - Expanding tables for length 2 to character count 50
0:00:00:04 - Trying length 2, fixed @1, character count 44
0:00:00:04 - Switching to length 3
0:00:00:04 - Expanding tables for length 3 to character count 31
0:00:00:04 - Trying length 3, fixed @3, character count 30
0:00:00:04 - Switching to length 4
0:00:00:04 - Expanding tables for length 4 to character count 16
0:00:00:04 - Trying length 4, fixed @4, character count 16
0:00:00:04 - Switching to length 2
0:00:00:04 - Expanding tables for length 2 to character count 50
0:00:00:04 - Trying length 2, fixed @1, character count 45
0:00:00:04 - Trying length 2, fixed @1, character count 46
0:00:00:04 - Switching to length 3
0:00:00:04 - Expanding tables for length 3 to character count 32
0:00:00:04 - Trying length 3, fixed @1, character count 32
0:00:00:04 - Switching to length 6
0:00:00:04 - Expanding tables for length 6 to character count 7
0:00:00:04 - Trying length 6, fixed @3, character count 7
0:00:00:04 - Switching to length 1
0:00:00:04 - Expanding tables for length 1 to character count 74
0:00:00:04 - Trying length 1, fixed @1, character count 74
0:00:00:04 - Switching to length 2
0:00:00:04 - Expanding tables for length 2 to character count 51
0:00:00:04 - Trying length 2, fixed @2, character count 51
0:00:00:04 - Switching to length 5
0:00:00:04 - Expanding tables for length 5 to character count 8
0:00:00:04 - Trying length 5, fixed @2, character count 8
0:00:00:04 - Switching to length 3
0:00:00:04 - Expanding tables for length 3 to character count 32
0:00:00:04 - Trying length 3, fixed @2, character count 32
0:00:00:04 - Expanding tables for length 3 to character count 33
0:00:00:04 - Trying length 3, fixed @1, character count 33
0:00:00:04 - Switching to length 5
0:00:00:04 - Expanding tables for length 5 to character count 8
0:00:00:04 - Trying length 5, fixed @5, character count 8
0:00:00:04 - Switching to length 4
0:00:00:04 - Expanding tables for length 4 to character count 16
0:00:00:04 - Trying length 4, fixed @2, character count 13
0:00:00:04 - Trying length 4, fixed @3, character count 14
0:00:00:04 - Switching to length 3
0:00:00:04 - Expanding tables for length 3 to character count 33
0:00:00:04 - Trying length 3, fixed @2, character count 33
0:00:00:04 - Switching to length 2
0:00:00:04 - Expanding tables for length 2 to character count 52
0:00:00:04 - Trying length 2, fixed @2, character count 52
0:00:00:04 - Switching to length 6
0:00:00:04 - Expanding tables for length 6 to character count 7
0:00:00:04 - Trying length 6, fixed @1, character count 7
0:00:00:04 - Switching to length 4
0:00:00:04 - Expanding tables for length 4 to character count 17
0:00:00:04 - Trying length 4, fixed @4, character count 17
0:00:00:04 - Switching to length 2
0:00:00:04 - Expanding tables for length 2 to character count 53
0:00:00:04 - Trying length 2, fixed @2, character count 53
0:00:00:04 - Switching to length 5
0:00:00:04 - Expanding tables for length 5 to character count 8
0:00:00:04 - Trying length 5, fixed @4, character count 8
0:00:00:04 - Switching to length 7
0:00:00:04 - Expanding tables for length 7 to character count 6
0:00:00:04 - Trying length 7, fixed @3, character count 6
0:00:00:04 - Switching to length 3
0:00:00:04 - Expanding tables for length 3 to character count 33
0:00:00:04 - Trying length 3, fixed @3, character count 31
0:00:00:04 - Switching to length 2
0:00:00:04 - Expanding tables for length 2 to character count 54
0:00:00:04 - Trying length 2, fixed @2, character count 54
0:00:00:04 - Switching to length 6
0:00:00:04 - Expanding tables for length 6 to character count 7
0:00:00:04 - Trying length 6, fixed @4, character count 7
0:00:00:04 - Switching to length 5
0:00:00:04 - Expanding tables for length 5 to character count 9
0:00:00:04 - Trying length 5, fixed @1, character count 9
0:00:00:04 - Switching to length 4
0:00:00:04 - Expanding tables for length 4 to character count 17
0:00:00:04 - Trying length 4, fixed @2, character count 14
0:00:00:04 - Switching to length 7
0:00:00:04 - Expanding tables for length 7 to character count 6
0:00:00:04 - Trying length 7, fixed @6, character count 6
0:00:00:04 - Switching to length 1
0:00:00:04 - Expanding tables for length 1 to character count 75
0:00:00:04 - Trying length 1, fixed @1, character count 75
0:00:00:04 - Expanding tables for length 1 to character count 76
0:00:00:04 - Trying length 1, fixed @1, character count 76
0:00:00:04 - Switching to length 2
0:00:00:04 - Expanding tables for length 2 to character count 55
0:00:00:04 - Trying length 2, fixed @2, character count 55
0:00:00:04 - Switching to length 3
0:00:00:04 - Expanding tables for length 3 to character count 33
0:00:00:04 - Trying length 3, fixed @3, character count 32
0:00:00:04 - Expanding tables for length 3 to character count 34
0:00:00:04 - Trying length 3, fixed @1, character count 34
0:00:00:04 - Switching to length 2
0:00:00:04 - Expanding tables for length 2 to character count 55
0:00:00:04 - Trying length 2, fixed @1, character count 47
0:00:00:04 - Switching to length 6
0:00:00:04 - Expanding tables for length 6 to character count 8
0:00:00:04 - Trying length 6, fixed @5, character count 8
0:00:00:04 - Switching to length 4
0:00:00:04 - Expanding tables for length 4 to character count 17
0:00:00:04 - Trying length 4, fixed @1, character count 13
0:00:00:04 - Switching to length 2
0:00:00:04 - Expanding tables for length 2 to character count 55
0:00:00:04 - Trying length 2, fixed @1, character count 48
0:00:00:04 - Trying length 2, fixed @1, character count 49
0:00:00:04 - Expanding tables for length 2 to character count 56
0:00:00:04 - Trying length 2, fixed @2, character count 56
0:00:00:04 - Switching to length 3
0:00:00:04 - Expanding tables for length 3 to character count 34
0:00:00:04 - Trying length 3, fixed @2, character count 34
0:00:00:04 - Switching to length 7
0:00:00:04 - Expanding tables for length 7 to character count 6
0:00:00:04 - Trying length 7, fixed @2, character count 6
0:00:00:04 - Trying length 7, fixed @1, character count 6
0:00:00:04 - Switching to length 5
0:00:00:04 - Expanding tables for length 5 to character count 9
0:00:00:04 - Trying length 5, fixed @2, character count 9
0:00:00:04 - Trying length 5, fixed @3, character count 9
0:00:00:04 - Switching to length 4
0:00:00:04 - Expanding tables for length 4 to character count 17
0:00:00:04 - Trying length 4, fixed @1, character count 14
0:00:00:04 - Switching to length 1
0:00:00:04 - Expanding tables for length 1 to character count 77
0:00:00:04 - Trying length 1, fixed @1, character count 77
0:00:00:04 - Expanding tables for length 1 to character count 78
0:00:00:04 - Trying length 1, fixed @1, character count 78
0:00:00:04 - Switching to length 3
0:00:00:04 - Expanding tables for length 3 to character count 35
0:00:00:04 - Trying length 3, fixed @2, character count 35
0:00:00:04 - Switching to length 2
0:00:00:04 - Expanding tables for length 2 to character count 56
0:00:00:04 - Trying length 2, fixed @1, character count 50
0:00:00:04 - Switching to length 4
0:00:00:04 - Expanding tables for length 4 to character count 17
0:00:00:04 - Trying length 4, fixed @3, character count 15
0:00:00:04 - Switching to length 5
0:00:00:04 - Expanding tables for length 5 to character count 9
0:00:00:04 - Trying length 5, fixed @4, character count 9
0:00:00:04 - Switching to length 2
0:00:00:04 - Expanding tables for length 2 to character count 56
0:00:00:04 - Trying length 2, fixed @1, character count 51
0:00:00:04 - Switching to length 7
0:00:00:04 - Expanding tables for length 7 to character count 6
0:00:00:04 - Trying length 7, fixed @5, character count 6
0:00:00:04 - Trying length 7, fixed @7, character count 6
0:00:00:04 - Switching to length 5
0:00:00:04 - Expanding tables for length 5 to character count 10
0:00:00:04 - Trying length 5, fixed @1, character count 10
0:00:00:04 - Switching to length 4
0:00:00:04 - Expanding tables for length 4 to character count 17
0:00:00:04 - Trying length 4, fixed @2, character count 15
0:00:00:04 - Switching to length 6
0:00:00:04 - Expanding tables for length 6 to character count 8
0:00:00:04 - Trying length 6, fixed @2, character count 7
0:00:00:04 - Trying length 6, fixed @3, character count 8
0:00:00:04 - Switching to length 1
0:00:00:04 - Expanding tables for length 1 to character count 79
0:00:00:04 - Trying length 1, fixed @1, character count 79
0:00:00:04 - Switching to length 6
0:00:00:04 - Expanding tables for length 6 to character count 8
0:00:00:04 - Trying length 6, fixed @6, character count 8
0:00:00:04 - Switching to length 3
0:00:00:04 - Expanding tables for length 3 to character count 35
0:00:00:04 - Trying length 3, fixed @3, character count 33
0:00:00:04 - Switching to length 5
0:00:00:04 - Expanding tables for length 5 to character count 10
0:00:00:04 - Trying length 5, fixed @5, character count 9
0:00:00:04 - Switching to length 7
0:00:00:05 - Expanding tables for length 7 to character count 6
0:00:00:05 - Trying length 7, fixed @4, character count 6
0:00:00:05 - Switching to length 3
0:00:00:05 - Expanding tables for length 3 to character count 35
0:00:00:05 - Trying length 3, fixed @3, character count 34
0:00:00:05 - Switching to length 2
0:00:00:05 - Expanding tables for length 2 to character count 56
0:00:00:05 - Trying length 2, fixed @1, character count 52
0:00:00:05 - Switching to length 4
0:00:00:05 - Expanding tables for length 4 to character count 17
0:00:00:05 - Trying length 4, fixed @1, character count 15
0:00:00:05 - Switching to length 2
0:00:00:05 - Expanding tables for length 2 to character count 56
0:00:00:05 - Trying length 2, fixed @1, character count 53
0:00:00:05 - Switching to length 3
0:00:00:05 - Expanding tables for length 3 to character count 35
0:00:00:05 - Trying length 3, fixed @3, character count 35
0:00:00:05 - Switching to length 4
0:00:00:05 - Expanding tables for length 4 to character count 17
0:00:00:05 - Trying length 4, fixed @3, character count 16
0:00:00:05 - Switching to length 6
0:00:00:05 - Expanding tables for length 6 to character count 8
0:00:00:05 - Trying length 6, fixed @1, character count 8
0:00:00:05 - Switching to length 2
0:00:00:05 - Expanding tables for length 2 to character count 56
0:00:00:05 - Trying length 2, fixed @1, character count 54
0:00:00:05 - Switching to length 4
0:00:00:05 - Expanding tables for length 4 to character count 17
0:00:00:05 - Trying length 4, fixed @2, character count 16
0:00:00:05 - Switching to length 5
0:00:00:05 - Expanding tables for length 5 to character count 11
0:00:00:05 - Trying length 5, fixed @1, character count 11
0:00:00:05 - Switching to length 3
0:00:00:05 - Expanding tables for length 3 to character count 35
0:00:00:05 - Trying length 3, fixed @1, character count 35
0:00:00:05 - Switching to length 1
0:00:00:05 - Expanding tables for length 1 to character count 80
0:00:00:05 - Trying length 1, fixed @1, character count 80
0:00:00:05 - Switching to length 4
0:00:00:05 - Expanding tables for length 4 to character count 17
0:00:00:05 - Trying length 4, fixed @3, character count 17
0:00:00:05 - Expanding tables for length 4 to character count 18
0:00:00:05 - Trying length 4, fixed @4, character count 18
0:00:00:05 - Switching to length 5
0:00:00:05 - Expanding tables for length 5 to character count 11
0:00:00:05 - Trying length 5, fixed @3, character count 10
0:00:00:05 - Switching to length 2
0:00:00:05 - Expanding tables for length 2 to character count 57
0:00:00:05 - Trying length 2, fixed @2, character count 57
0:00:00:05 - Switching to length 3
0:00:00:05 - Expanding tables for length 3 to character count 36
0:00:00:05 - Trying length 3, fixed @3, character count 36
0:00:00:05 - Switching to length 4
0:00:00:05 - Expanding tables for length 4 to character count 18
0:00:00:05 - Trying length 4, fixed @1, character count 16
0:00:00:05 - Switching to length 5
0:00:00:05 - Expanding tables for length 5 to character count 11
0:00:00:05 - Trying length 5, fixed @4, character count 10
0:00:00:05 - Switching to length 6
0:00:00:05 - Expanding tables for length 6 to character count 8
0:00:00:05 - Trying length 6, fixed @4, character count 8
0:00:00:05 - Switching to length 4
0:00:00:05 - Expanding tables for length 4 to character count 18
0:00:00:05 - Trying length 4, fixed @2, character count 17
0:00:00:05 - Switching to length 1
0:00:00:05 - Expanding tables for length 1 to character count 81
0:00:00:05 - Trying length 1, fixed @1, character count 81
0:00:00:05 - Switching to length 6
0:00:00:05 - Expanding tables for length 6 to character count 9
0:00:00:05 - Trying length 6, fixed @5, character count 9
0:00:00:05 - Switching to length 7
0:00:00:05 - Expanding tables for length 7 to character count 7
0:00:00:05 - Trying length 7, fixed @3, character count 7
0:00:00:05 - Switching to length 3
0:00:00:05 - Expanding tables for length 3 to character count 36
0:00:00:05 - Trying length 3, fixed @1, character count 36
0:00:00:05 - Switching to length 2
0:00:00:05 - Expanding tables for length 2 to character count 57
0:00:00:05 - Trying length 2, fixed @1, character count 55
0:00:00:05 - Switching to length 4
0:00:00:05 - Expanding tables for length 4 to character count 18
0:00:00:05 - Trying length 4, fixed @3, character count 18
0:00:00:05 - Switching to length 5
0:00:00:05 - Expanding tables for length 5 to character count 11
0:00:00:05 - Trying length 5, fixed @2, character count 10
0:00:00:05 - Switching to length 4
0:00:00:05 - Expanding tables for length 4 to character count 18
0:00:00:05 - Trying length 4, fixed @2, character count 18
0:00:00:05 - Expanding tables for length 4 to character count 19
0:00:00:05 - Trying length 4, fixed @3, character count 19
0:00:00:05 - Switching to length 2
0:00:00:05 - Expanding tables for length 2 to character count 57
0:00:00:05 - Trying length 2, fixed @1, character count 56
0:00:00:05 - Switching to length 5
0:00:00:05 - Expanding tables for length 5 to character count 11
0:00:00:05 - Trying length 5, fixed @5, character count 10
0:00:00:05 - Switching to length 2
0:00:00:05 - Expanding tables for length 2 to character count 57
0:00:00:05 - Trying length 2, fixed @1, character count 57
0:00:00:05 - Switching to length 6
0:00:00:05 - Expanding tables for length 6 to character count 9
0:00:00:05 - Trying length 6, fixed @2, character count 8
0:00:00:05 - Trying length 6, fixed @6, character count 9
0:00:00:05 - Switching to length 7
0:00:00:05 - Expanding tables for length 7 to character count 7
0:00:00:05 - Trying length 7, fixed @2, character count 7
0:00:00:05 - Switching to length 5
0:00:00:05 - Expanding tables for length 5 to character count 12
0:00:00:05 - Trying length 5, fixed @1, character count 12
0:00:00:05 - Switching to length 1
0:00:00:05 - Expanding tables for length 1 to character count 82
0:00:00:05 - Trying length 1, fixed @1, character count 82
0:00:00:05 - Switching to length 2
0:00:00:05 - Expanding tables for length 2 to character count 58
0:00:00:05 - Trying length 2, fixed @2, character count 58
0:00:00:05 - Switching to length 4
0:00:00:05 - Expanding tables for length 4 to character count 19
0:00:00:05 - Trying length 4, fixed @1, character count 17
0:00:00:05 - Switching to length 2
0:00:00:05 - Expanding tables for length 2 to character count 59
0:00:00:05 - Trying length 2, fixed @2, character count 59
0:00:00:05 - Switching to length 7
0:00:00:05 - Expanding tables for length 7 to character count 7
0:00:00:05 - Trying length 7, fixed @6, character count 7
0:00:00:05 - Switching to length 6
0:00:00:05 - Expanding tables for length 6 to character count 9
0:00:00:05 - Trying length 6, fixed @3, character count 9
0:00:00:05 - Switching to length 7
0:00:00:05 - Expanding tables for length 7 to character count 7
0:00:00:05 - Trying length 7, fixed @1, character count 7
0:00:00:05 - Switching to length 4
0:00:00:05 - Expanding tables for length 4 to character count 19
0:00:00:05 - Trying length 4, fixed @4, character count 19
0:00:00:05 - Switching to length 5
0:00:00:05 - Expanding tables for length 5 to character count 12
0:00:00:05 - Trying length 5, fixed @4, character count 11
0:00:00:05 - Switching to length 6
0:00:00:05 - Expanding tables for length 6 to character count 9
0:00:00:05 - Trying length 6, fixed @1, character count 9
0:00:00:05 - Switching to length 7
0:00:00:05 - Expanding tables for length 7 to character count 7
0:00:00:05 - Trying length 7, fixed @7, character count 7
0:00:00:05 - Switching to length 3
0:00:00:05 - Expanding tables for length 3 to character count 37
0:00:00:05 - Trying length 3, fixed @3, character count 37
0:00:00:05 - Switching to length 4
0:00:00:05 - Expanding tables for length 4 to character count 19
0:00:00:05 - Trying length 4, fixed @1, character count 18
0:00:00:05 - Trying length 4, fixed @2, character count 19
0:00:00:05 - Switching to length 7
0:00:00:05 - Expanding tables for length 7 to character count 7
0:00:00:05 - Trying length 7, fixed @4, character count 7
0:00:00:05 - Switching to length 5
0:00:00:05 - Expanding tables for length 5 to character count 12
0:00:00:05 - Trying length 5, fixed @3, character count 11
0:00:00:05 - Switching to length 2
0:00:00:05 - Expanding tables for length 2 to character count 59
0:00:00:05 - Trying length 2, fixed @1, character count 58
0:00:00:05 - Switching to length 4
0:00:00:05 - Expanding tables for length 4 to character count 20
0:00:00:05 - Trying length 4, fixed @3, character count 20
0:00:00:05 - Switching to length 3
0:00:00:05 - Expanding tables for length 3 to character count 37
0:00:00:05 - Trying length 3, fixed @2, character count 36
0:00:00:05 - Switching to length 2
0:00:00:05 - Expanding tables for length 2 to character count 60
0:00:00:05 - Trying length 2, fixed @2, character count 60
0:00:00:05 - Switching to length 4
0:00:00:05 - Expanding tables for length 4 to character count 20
0:00:00:05 - Trying length 4, fixed @2, character count 20
0:00:00:05 - Switching to length 5
0:00:00:05 - Expanding tables for length 5 to character count 12
0:00:00:05 - Trying length 5, fixed @2, character count 11
0:00:00:05 - Switching to length 3
0:00:00:05 - Expanding tables for length 3 to character count 38
0:00:00:05 - Trying length 3, fixed @3, character count 38
0:00:00:05 - Switching to length 6
0:00:00:05 - Expanding tables for length 6 to character count 9
0:00:00:06 - Trying length 6, fixed @4, character count 9
0:00:00:06 - Switching to length 7
0:00:00:06 - Expanding tables for length 7 to character count 7
0:00:00:06 - Trying length 7, fixed @5, character count 7
0:00:00:06 - Switching to length 6
0:00:00:06 - Expanding tables for length 6 to character count 10
0:00:00:06 - Trying length 6, fixed @5, character count 10
0:00:00:06 - Switching to length 1
0:00:00:06 - Expanding tables for length 1 to character count 83
0:00:00:06 - Trying length 1, fixed @1, character count 83
0:00:00:06 - Expanding tables for length 1 to character count 84
0:00:00:06 - Trying length 1, fixed @1, character count 84
0:00:00:06 - Expanding tables for length 1 to character count 85
0:00:00:06 - Trying length 1, fixed @1, character count 85
0:00:00:06 - Expanding tables for length 1 to character count 86
0:00:00:06 - Trying length 1, fixed @1, character count 86
0:00:00:06 - Switching to length 4
0:00:00:06 - Expanding tables for length 4 to character count 20
0:00:00:06 - Trying length 4, fixed @1, character count 19
0:00:00:06 - Switching to length 5
0:00:00:06 - Expanding tables for length 5 to character count 12
0:00:00:06 - Trying length 5, fixed @4, character count 12
0:00:00:06 - Switching to length 2
0:00:00:06 - Expanding tables for length 2 to character count 61
0:00:00:06 - Trying length 2, fixed @2, character count 61
0:00:00:06 - Expanding tables for length 2 to character count 62
0:00:00:06 - Trying length 2, fixed @2, character count 62
0:00:00:06 - Switching to length 5
0:00:00:06 - Expanding tables for length 5 to character count 13
0:00:00:06 - Trying length 5, fixed @1, character count 13
0:00:00:06 - Switching to length 4
0:00:00:06 - Expanding tables for length 4 to character count 20
0:00:00:06 - Trying length 4, fixed @1, character count 20
0:00:00:06 - Switching to length 3
0:00:00:06 - Expanding tables for length 3 to character count 38
0:00:00:06 - Trying length 3, fixed @2, character count 37
0:00:00:06 - Switching to length 4
0:00:00:06 - Expanding tables for length 4 to character count 21
0:00:00:06 - Trying length 4, fixed @2, character count 21
0:00:00:06 - Switching to length 6
0:00:00:06 - Expanding tables for length 6 to character count 10
0:00:00:06 - Trying length 6, fixed @6, character count 10
0:00:00:06 - Switching to length 3
0:00:00:06 - Expanding tables for length 3 to character count 38
0:00:00:06 - Trying length 3, fixed @1, character count 37
0:00:00:06 - Switching to length 5
0:00:00:06 - Expanding tables for length 5 to character count 13
0:00:00:06 - Trying length 5, fixed @5, character count 11
0:00:00:06 - Switching to length 4
0:00:00:06 - Expanding tables for length 4 to character count 21
0:00:00:06 - Trying length 4, fixed @3, character count 21
0:00:00:06 - Switching to length 2
0:00:00:06 - Expanding tables for length 2 to character count 63
0:00:00:06 - Trying length 2, fixed @2, character count 63
0:00:00:06 - Switching to length 3
0:00:00:06 - Expanding tables for length 3 to character count 38
0:00:00:06 - Trying length 3, fixed @2, character count 38
0:00:00:06 - Switching to length 7
0:00:00:06 - Expanding tables for length 7 to character count 8
0:00:00:06 - Trying length 7, fixed @3, character count 8
0:00:00:06 - Switching to length 4
0:00:00:06 - Expanding tables for length 4 to character count 22
0:00:00:06 - Trying length 4, fixed @2, character count 22
0:00:00:06 - Switching to length 6
0:00:00:06 - Expanding tables for length 6 to character count 10
0:00:00:06 - Trying length 6, fixed @2, character count 9
0:00:00:06 - Trying length 6, fixed @1, character count 10
0:00:00:06 - Switching to length 5
0:00:00:06 - Expanding tables for length 5 to character count 13
0:00:00:06 - Trying length 5, fixed @3, character count 12
0:00:00:06 - Switching to length 2
0:00:00:06 - Expanding tables for length 2 to character count 63
0:00:00:06 - Trying length 2, fixed @1, character count 59
0:00:00:06 - Switching to length 6
0:00:00:06 - Expanding tables for length 6 to character count 10
0:00:00:06 - Trying length 6, fixed @3, character count 10
0:00:00:06 - Switching to length 4
0:00:00:06 - Expanding tables for length 4 to character count 22
0:00:00:06 - Trying length 4, fixed @4, character count 20
0:00:00:06 - Trying length 4, fixed @1, character count 21
0:00:00:06 - Trying length 4, fixed @3, character count 22
0:00:00:06 - Switching to length 5
0:00:00:06 - Expanding tables for length 5 to character count 14
0:00:00:06 - Trying length 5, fixed @1, character count 14
0:00:00:06 - Switching to length 7
0:00:00:06 - Expanding tables for length 7 to character count 8
0:00:00:06 - Trying length 7, fixed @1, character count 8
0:00:00:06 - Switching to length 2
0:00:00:06 - Expanding tables for length 2 to character count 63
0:00:00:06 - Trying length 2, fixed @1, character count 60
0:00:00:06 - Switching to length 4
0:00:00:06 - Expanding tables for length 4 to character count 22
0:00:00:06 - Trying length 4, fixed @1, character count 22
0:00:00:06 - Switching to length 1
0:00:00:06 - Expanding tables for length 1 to character count 87
0:00:00:06 - Trying length 1, fixed @1, character count 87
0:00:00:06 - Expanding tables for length 1 to character count 88
0:00:00:06 - Trying length 1, fixed @1, character count 88
0:00:00:06 - Expanding tables for length 1 to character count 89
0:00:00:06 - Trying length 1, fixed @1, character count 89
0:00:00:06 - Switching to length 4
0:00:00:06 - Expanding tables for length 4 to character count 23
0:00:00:06 - Trying length 4, fixed @2, character count 23
0:00:00:06 - Switching to length 2
0:00:00:06 - Expanding tables for length 2 to character count 63
0:00:00:06 - Trying length 2, fixed @1, character count 61
0:00:00:06 - Switching to length 7
0:00:00:06 - Expanding tables for length 7 to character count 8
0:00:00:06 - Trying length 7, fixed @4, character count 8
0:00:00:06 - Switching to length 5
0:00:00:06 - Expanding tables for length 5 to character count 14
0:00:00:06 - Trying length 5, fixed @4, character count 13
0:00:00:06 - Switching to length 2
0:00:00:06 - Expanding tables for length 2 to character count 64
0:00:00:06 - Trying length 2, fixed @2, character count 64
0:00:00:06 - Switching to length 6
0:00:00:06 - Expanding tables for length 6 to character count 10
0:00:00:06 - Trying length 6, fixed @4, character count 10
0:00:00:06 - Switching to length 7
0:00:00:06 - Expanding tables for length 7 to character count 8
0:00:00:06 - Trying length 7, fixed @7, character count 8
0:00:00:06 - Switching to length 6
0:00:00:06 - Expanding tables for length 6 to character count 11
0:00:00:06 - Trying length 6, fixed @5, character count 11
0:00:00:06 - Switching to length 3
0:00:00:06 - Expanding tables for length 3 to character count 39
0:00:00:06 - Trying length 3, fixed @2, character count 39
0:00:00:06 - Switching to length 2
0:00:00:06 - Expanding tables for length 2 to character count 64
0:00:00:06 - Trying length 2, fixed @1, character count 62
0:00:00:06 - Switching to length 5
0:00:00:06 - Expanding tables for length 5 to character count 14
0:00:00:06 - Trying length 5, fixed @5, character count 12
0:00:00:06 - Switching to length 2
0:00:00:06 - Expanding tables for length 2 to character count 64
0:00:00:06 - Trying length 2, fixed @1, character count 63
0:00:00:06 - Switching to length 4
0:00:00:06 - Expanding tables for length 4 to character count 23
0:00:00:06 - Trying length 4, fixed @4, character count 21
0:00:00:06 - Trying length 4, fixed @1, character count 23
0:00:00:06 - Switching to length 5
0:00:00:06 - Expanding tables for length 5 to character count 15
0:00:00:06 - Trying length 5, fixed @1, character count 15
0:00:00:06 - Switching to length 7
0:00:00:06 - Expanding tables for length 7 to character count 8
0:00:00:06 - Trying length 7, fixed @2, character count 8
0:00:00:06 - Switching to length 4
0:00:00:06 - Expanding tables for length 4 to character count 24
0:00:00:06 - Trying length 4, fixed @1, character count 24
0:00:00:06 - Switching to length 2
0:00:00:06 - Expanding tables for length 2 to character count 64
0:00:00:06 - Trying length 2, fixed @1, character count 64
0:00:00:06 - Switching to length 4
0:00:00:06 - Expanding tables for length 4 to character count 24
0:00:00:06 - Trying length 4, fixed @2, character count 24
0:00:00:06 - Switching to length 7
0:00:00:06 - Expanding tables for length 7 to character count 8
0:00:00:06 - Trying length 7, fixed @5, character count 8
0:00:00:06 - Switching to length 5
0:00:00:06 - Expanding tables for length 5 to character count 15
0:00:00:06 - Trying length 5, fixed @3, character count 13
0:00:00:06 - Switching to length 3
0:00:00:06 - Expanding tables for length 3 to character count 39
0:00:00:06 - Trying length 3, fixed @1, character count 38
0:00:00:06 - Switching to length 6
0:00:00:06 - Expanding tables for length 6 to character count 11
0:00:00:06 - Trying length 6, fixed @2, character count 10
0:00:00:06 - Switching to length 5
0:00:00:06 - Expanding tables for length 5 to character count 15
0:00:00:07 - Trying length 5, fixed @4, character count 14
0:00:00:07 - Switching to length 3
0:00:00:07 - Expanding tables for length 3 to character count 39
0:00:00:07 - Trying length 3, fixed @1, character count 39
0:00:00:07 - Switching to length 6
0:00:00:07 - Expanding tables for length 6 to character count 11
0:00:00:07 - Trying length 6, fixed @3, character count 11
0:00:00:07 - Switching to length 7
0:00:00:07 - Expanding tables for length 7 to character count 8
0:00:00:07 - Trying length 7, fixed @6, character count 8
0:00:00:07 - Switching to length 4
0:00:00:07 - Expanding tables for length 4 to character count 25
0:00:00:07 - Trying length 4, fixed @1, character count 25
0:00:00:07 - Switching to length 6
0:00:00:07 - Expanding tables for length 6 to character count 11
0:00:00:07 - Trying length 6, fixed @6, character count 11
0:00:00:07 - Switching to length 3
0:00:00:07 - Expanding tables for length 3 to character count 39
0:00:00:07 - Trying length 3, fixed @3, character count 39
0:00:00:07 - Switching to length 2
0:00:00:07 - Expanding tables for length 2 to character count 65
0:00:00:07 - Trying length 2, fixed @2, character count 65
0:00:00:07 - Switching to length 4
0:00:00:07 - Expanding tables for length 4 to character count 25
0:00:00:07 - Trying length 4, fixed @2, character count 25
0:00:00:07 - Expanding tables for length 4 to character count 26
0:00:00:07 - Trying length 4, fixed @1, character count 26
0:00:00:07 - Switching to length 3
0:00:00:07 - Expanding tables for length 3 to character count 40
0:00:00:07 - Trying length 3, fixed @3, character count 40
0:00:00:07 - Switching to length 5
0:00:00:07 - Expanding tables for length 5 to character count 15
0:00:00:07 - Trying length 5, fixed @5, character count 13
0:00:00:07 - Switching to length 6
0:00:00:07 - Expanding tables for length 6 to character count 11
0:00:00:07 - Trying length 6, fixed @1, character count 11
0:00:00:07 - Switching to length 3
0:00:00:07 - Expanding tables for length 3 to character count 40
0:00:00:07 - Trying length 3, fixed @2, character count 40
0:00:00:07 - Expanding tables for length 3 to character count 41
0:00:00:07 - Trying length 3, fixed @3, character count 41
0:00:00:07 - Switching to length 4
0:00:00:07 - Expanding tables for length 4 to character count 26
0:00:00:07 - Trying length 4, fixed @4, character count 22
0:00:00:07 - Trying length 4, fixed @2, character count 26
0:00:00:07 - Expanding tables for length 4 to character count 27
0:00:00:07 - Trying length 4, fixed @1, character count 27
0:00:00:07 - Switching to length 6
0:00:00:07 - Expanding tables for length 6 to character count 11
0:00:00:07 - Trying length 6, fixed @4, character count 11
0:00:00:07 - Switching to length 3
0:00:00:07 - Expanding tables for length 3 to character count 42
0:00:00:07 - Trying length 3, fixed @3, character count 42
0:00:00:07 - Switching to length 4
0:00:00:07 - Expanding tables for length 4 to character count 28
0:00:00:07 - Trying length 4, fixed @1, character count 28
0:00:00:07 - Switching to length 2
0:00:00:07 - Expanding tables for length 2 to character count 65
0:00:00:07 - Trying length 2, fixed @1, character count 65
0:00:00:07 - Switching to length 5
0:00:00:07 - Expanding tables for length 5 to character count 15
0:00:00:07 - Trying length 5, fixed @2, character count 12
0:00:00:07 - Switching to length 7
0:00:00:07 - Expanding tables for length 7 to character count 9
0:00:00:07 - Trying length 7, fixed @3, character count 9
0:00:00:07 - Switching to length 5
0:00:00:07 - Expanding tables for length 5 to character count 15
0:00:00:07 - Trying length 5, fixed @3, character count 14
0:00:00:07 - Switching to length 7
0:00:00:07 - Expanding tables for length 7 to character count 9
0:00:00:07 - Trying length 7, fixed @1, character count 9
0:00:00:07 - Switching to length 5
0:00:00:07 - Expanding tables for length 5 to character count 15
0:00:00:07 - Trying length 5, fixed @4, character count 15
0:00:00:07 - Expanding tables for length 5 to character count 16
0:00:00:07 - Trying length 5, fixed @1, character count 16
0:00:00:07 - Switching to length 2
0:00:00:07 - Expanding tables for length 2 to character count 66
0:00:00:07 - Trying length 2, fixed @2, character count 66
0:00:00:07 - Switching to length 4
0:00:00:07 - Expanding tables for length 4 to character count 28
0:00:00:07 - Trying length 4, fixed @3, character count 23
0:00:00:07 - Switching to length 6
0:00:00:07 - Expanding tables for length 6 to character count 12
0:00:00:07 - Trying length 6, fixed @6, character count 12
0:00:00:07 - Switching to length 2
0:00:00:07 - Expanding tables for length 2 to character count 67
0:00:00:07 - Trying length 2, fixed @2, character count 67
0:00:00:07 - Switching to length 6
0:00:00:07 - Expanding tables for length 6 to character count 12
0:00:00:07 - Trying length 6, fixed @3, character count 12
0:00:00:07 - Switching to length 7
0:00:00:07 - Expanding tables for length 7 to character count 9
0:00:00:07 - Trying length 7, fixed @7, character count 9
0:00:00:07 - Switching to length 3
0:00:00:07 - Expanding tables for length 3 to character count 42
0:00:00:07 - Trying length 3, fixed @2, character count 41
0:00:00:07 - Switching to length 4
0:00:00:07 - Expanding tables for length 4 to character count 28
0:00:00:07 - Trying length 4, fixed @4, character count 23
0:00:00:07 - Switching to length 3
0:00:00:07 - Expanding tables for length 3 to character count 43
0:00:00:07 - Trying length 3, fixed @3, character count 43
0:00:00:07 - Switching to length 5
0:00:00:07 - Expanding tables for length 5 to character count 16
0:00:00:07 - Trying length 5, fixed @5, character count 14
0:00:00:07 - Switching to length 1
0:00:00:07 - Expanding tables for length 1 to character count 90
0:00:00:07 - Trying length 1, fixed @1, character count 90
0:00:00:07 - Expanding tables for length 1 to character count 91
0:00:00:07 - Trying length 1, fixed @1, character count 91
0:00:00:07 - Expanding tables for length 1 to character count 92
0:00:00:07 - Trying length 1, fixed @1, character count 92
0:00:00:07 - Expanding tables for length 1 to character count 93
0:00:00:07 - Trying length 1, fixed @1, character count 93
0:00:00:07 - Expanding tables for length 1 to character count 94
0:00:00:07 - Trying length 1, fixed @1, character count 94
0:00:00:07 - Switching to length 4
0:00:00:07 - Expanding tables for length 4 to character count 28
0:00:00:07 - Trying length 4, fixed @2, character count 27
0:00:00:07 - Switching to length 7
0:00:00:07 - Expanding tables for length 7 to character count 9
0:00:00:07 - Trying length 7, fixed @5, character count 9
0:00:00:07 - Switching to length 6
0:00:00:07 - Expanding tables for length 6 to character count 12
0:00:00:07 - Trying length 6, fixed @1, character count 12
0:00:00:07 - Switching to length 4
0:00:00:07 - Expanding tables for length 4 to character count 28
0:00:00:07 - Trying length 4, fixed @3, character count 24
0:00:00:07 - Trying length 4, fixed @2, character count 28
0:00:00:07 - Switching to length 1
0:00:00:07 - Expanding tables for length 1 to character count 95
0:00:00:07 - Trying length 1, fixed @1, character count 95
0:00:00:07 - Expanding tables for length 1 to character count 96
0:00:00:07 - Trying length 1, fixed @1, character count 96
0:00:00:07 - Expanding tables for length 1 to character count 97
0:00:00:07 - Trying length 1, fixed @1, character count 97
0:00:00:07 - Expanding tables for length 1 to character count 98
0:00:00:07 - Trying length 1, fixed @1, character count 98
0:00:00:07 - Expanding tables for length 1 to character count 99
0:00:00:07 - Trying length 1, fixed @1, character count 99
0:00:00:07 - Expanding tables for length 1 to character count 100
0:00:00:07 - Trying length 1, fixed @1, character count 100
0:00:00:07 - Expanding tables for length 1 to character count 101
0:00:00:07 - Trying length 1, fixed @1, character count 101
0:00:00:07 - Expanding tables for length 1 to character count 102
0:00:00:07 - Trying length 1, fixed @1, character count 102
0:00:00:07 - Expanding tables for length 1 to character count 103
0:00:00:07 - Trying length 1, fixed @1, character count 103
0:00:00:07 - Expanding tables for length 1 to character count 104
0:00:00:07 - Trying length 1, fixed @1, character count 104
0:00:00:07 - Expanding tables for length 1 to character count 105
0:00:00:07 - Trying length 1, fixed @1, character count 105
0:00:00:07 - Expanding tables for length 1 to character count 106
0:00:00:07 - Trying length 1, fixed @1, character count 106
0:00:00:07 - Expanding tables for length 1 to character count 107
0:00:00:07 - Trying length 1, fixed @1, character count 107
0:00:00:07 - Expanding tables for length 1 to character count 108
0:00:00:07 - Trying length 1, fixed @1, character count 108
0:00:00:07 - Expanding tables for length 1 to character count 109
0:00:00:07 - Trying length 1, fixed @1, character count 109
0:00:00:07 - Expanding tables for length 1 to character count 110
0:00:00:07 - Trying length 1, fixed @1, character count 110
0:00:00:07 - Expanding tables for length 1 to character count 111
0:00:00:07 - Trying length 1, fixed @1, character count 111
0:00:00:07 - Expanding tables for length 1 to character count 112
0:00:00:07 - Trying length 1, fixed @1, character count 112
0:00:00:07 - Expanding tables for length 1 to character count 113
0:00:00:07 - Trying length 1, fixed @1, character count 113
0:00:00:07 - Expanding tables for length 1 to character count 114
0:00:00:07 - Trying length 1, fixed @1, character count 114
0:00:00:07 - Expanding tables for length 1 to character count 115
0:00:00:07 - Trying length 1, fixed @1, character count 115
0:00:00:07 - Expanding tables for length 1 to character count 116
0:00:00:07 - Trying length 1, fixed @1, character count 116
0:00:00:07 - Expanding tables for length 1 to character count 117
0:00:00:07 - Trying length 1, fixed @1, character count 117
0:00:00:07 - Expanding tables for length 1 to character count 118
0:00:00:07 - Trying length 1, fixed @1, character count 118
0:00:00:07 - Expanding tables for length 1 to character count 119
0:00:00:07 - Trying length 1, fixed @1, character count 119
0:00:00:07 - Expanding tables for length 1 to character count 120
0:00:00:07 - Trying length 1, fixed @1, character count 120
0:00:00:07 - Expanding tables for length 1 to character count 121
0:00:00:07 - Trying length 1, fixed @1, character count 121
0:00:00:07 - Expanding tables for length 1 to character count 122
0:00:00:07 - Trying length 1, fixed @1, character count 122
0:00:00:07 - Expanding tables for length 1 to character count 123
0:00:00:07 - Trying length 1, fixed @1, character count 123
0:00:00:07 - Expanding tables for length 1 to character count 124
0:00:00:07 - Trying length 1, fixed @1, character count 124
0:00:00:07 - Expanding tables for length 1 to character count 125
0:00:00:07 - Trying length 1, fixed @1, character count 125
0:00:00:07 - Expanding tables for length 1 to character count 126
0:00:00:07 - Trying length 1, fixed @1, character count 126
0:00:00:07 - Expanding tables for length 1 to character count 127
0:00:00:07 - Trying length 1, fixed @1, character count 127
0:00:00:07 - Expanding tables for length 1 to character count 128
0:00:00:07 - Trying length 1, fixed @1, character count 128
0:00:00:07 - Expanding tables for length 1 to character count 129
0:00:00:07 - Trying length 1, fixed @1, character count 129
0:00:00:07 - Expanding tables for length 1 to character count 130
0:00:00:07 - Trying length 1, fixed @1, character count 130
0:00:00:07 - Expanding tables for length 1 to character count 131
0:00:00:07 - Trying length 1, fixed @1, character count 131
0:00:00:07 - Expanding tables for length 1 to character count 132
0:00:00:07 - Trying length 1, fixed @1, character count 132
0:00:00:07 - Switching to length 4
0:00:00:07 - Expanding tables for length 4 to character count 29
0:00:00:07 - Trying length 4, fixed @2, character count 29
0:00:00:07 - Switching to length 5
0:00:00:07 - Expanding tables for length 5 to character count 16
0:00:00:07 - Trying length 5, fixed @3, character count 15
0:00:00:07 - Trying length 5, fixed @4, character count 16
0:00:00:07 - Switching to length 3
0:00:00:07 - Expanding tables for length 3 to character count 43
0:00:00:07 - Trying length 3, fixed @1, character count 40
0:00:00:07 - Switching to length 4
0:00:00:07 - Expanding tables for length 4 to character count 29
0:00:00:07 - Trying length 4, fixed @1, character count 29
0:00:00:07 - Switching to length 3
0:00:00:07 - Expanding tables for length 3 to character count 43
0:00:00:07 - Trying length 3, fixed @2, character count 42
0:00:00:07 - Switching to length 6
0:00:00:07 - Expanding tables for length 6 to character count 12
0:00:00:07 - Trying length 6, fixed @2, character count 11
0:00:00:07 - Switching to length 7
0:00:00:08 - Expanding tables for length 7 to character count 9
0:00:00:08 - Trying length 7, fixed @4, character count 9
0:00:00:08 - Switching to length 6
0:00:00:08 - Expanding tables for length 6 to character count 12
0:00:00:08 - Trying length 6, fixed @5, character count 12
0:00:00:08 - Switching to length 5
0:00:00:08 - Expanding tables for length 5 to character count 17
0:00:00:08 - Trying length 5, fixed @1, character count 17
0:00:00:08 - Switching to length 3
0:00:00:08 - Expanding tables for length 3 to character count 44
0:00:00:08 - Trying length 3, fixed @3, character count 44
0:00:00:08 - Expanding tables for length 3 to character count 45
0:00:00:08 - Trying length 3, fixed @3, character count 45
0:00:00:08 - Switching to length 7
0:00:00:08 - Expanding tables for length 7 to character count 9
0:00:00:08 - Trying length 7, fixed @6, character count 9
0:00:00:08 - Switching to length 4
0:00:00:08 - Expanding tables for length 4 to character count 29
0:00:00:08 - Trying length 4, fixed @3, character count 25
0:00:00:08 - Switching to length 6
0:00:00:08 - Expanding tables for length 6 to character count 12
0:00:00:08 - Trying length 6, fixed @4, character count 12
0:00:00:08 - Switching to length 5
0:00:00:08 - Expanding tables for length 5 to character count 17
0:00:00:08 - Trying length 5, fixed @2, character count 13
0:00:00:08 - Switching to length 6
0:00:00:08 - Expanding tables for length 6 to character count 13
0:00:00:08 - Trying length 6, fixed @6, character count 13
0:00:00:08 - Switching to length 3
0:00:00:08 - Expanding tables for length 3 to character count 45
0:00:00:08 - Trying length 3, fixed @1, character count 41
0:00:00:08 - Switching to length 7
0:00:00:08 - Expanding tables for length 7 to character count 10
0:00:00:08 - Trying length 7, fixed @1, character count 10
0:00:00:08 - Switching to length 3
0:00:00:08 - Expanding tables for length 3 to character count 45
0:00:00:08 - Trying length 3, fixed @1, character count 42
0:00:00:08 - Switching to length 5
0:00:00:08 - Expanding tables for length 5 to character count 17
0:00:00:08 - Trying length 5, fixed @5, character count 15
0:00:00:08 - Trying length 5, fixed @3, character count 16
0:00:00:08 - Trying length 5, fixed @4, character count 17
0:00:00:08 - Switching to length 6
0:00:00:08 - Expanding tables for length 6 to character count 13
0:00:00:08 - Trying length 6, fixed @3, character count 13
0:00:00:08 - Switching to length 3
0:00:00:08 - Expanding tables for length 3 to character count 46
0:00:00:08 - Trying length 3, fixed @3, character count 46
0:00:00:08 - Switching to length 4
0:00:00:08 - Expanding tables for length 4 to character count 30
0:00:00:08 - Trying length 4, fixed @2, character count 30
0:00:00:08 - Switching to length 3
0:00:00:08 - Expanding tables for length 3 to character count 47
0:00:00:08 - Trying length 3, fixed @3, character count 47
0:00:00:08 - Switching to length 6
0:00:00:08 - Expanding tables for length 6 to character count 13
0:00:00:08 - Trying length 6, fixed @1, character count 13
0:00:00:08 - Switching to length 7
0:00:00:08 - Expanding tables for length 7 to character count 10
0:00:00:08 - Trying length 7, fixed @7, character count 10
0:00:00:08 - Switching to length 2
0:00:00:08 - Expanding tables for length 2 to character count 68
0:00:00:08 - Trying length 2, fixed @2, character count 68
0:00:00:08 - Switching to length 3
0:00:00:08 - Expanding tables for length 3 to character count 48
0:00:00:08 - Trying length 3, fixed @3, character count 48
0:00:00:08 - Switching to length 4
0:00:00:08 - Expanding tables for length 4 to character count 30
0:00:00:08 - Trying length 4, fixed @4, character count 24
0:00:00:08 - Switching to length 2
0:00:00:08 - Expanding tables for length 2 to character count 68
0:00:00:08 - Trying length 2, fixed @1, character count 66
0:00:00:08 - Switching to length 7
0:00:00:08 - Expanding tables for length 7 to character count 10
0:00:00:08 - Trying length 7, fixed @3, character count 10
0:00:00:08 - Switching to length 5
0:00:00:08 - Expanding tables for length 5 to character count 17
0:00:00:08 - Trying length 5, fixed @2, character count 14
0:00:00:08 - Switching to length 6
0:00:00:08 - Expanding tables for length 6 to character count 13
0:00:00:08 - Trying length 6, fixed @5, character count 13
0:00:00:08 - Switching to length 5
0:00:00:08 - Expanding tables for length 5 to character count 17
0:00:00:08 - Trying length 5, fixed @3, character count 17
0:00:00:08 - Switching to length 7
0:00:00:08 - Expanding tables for length 7 to character count 10
0:00:00:08 - Trying length 7, fixed @5, character count 10
0:00:00:08 - Switching to length 5
0:00:00:08 - Expanding tables for length 5 to character count 18
0:00:00:08 - Trying length 5, fixed @1, character count 18
0:00:00:08 - Switching to length 6
0:00:00:08 - Expanding tables for length 6 to character count 14
0:00:00:08 - Trying length 6, fixed @6, character count 14
0:00:00:08 - Switching to length 4
0:00:00:08 - Expanding tables for length 4 to character count 30
0:00:00:08 - Trying length 4, fixed @4, character count 25
0:00:00:08 - Switching to length 2
0:00:00:08 - Expanding tables for length 2 to character count 68
0:00:00:08 - Trying length 2, fixed @1, character count 67
0:00:00:08 - Switching to length 7
0:00:00:08 - Expanding tables for length 7 to character count 10
0:00:00:08 - Trying length 7, fixed @6, character count 10
0:00:00:08 - Switching to length 5
0:00:00:08 - Expanding tables for length 5 to character count 18
0:00:00:08 - Trying length 5, fixed @5, character count 16
0:00:00:08 - Switching to length 4
0:00:00:08 - Expanding tables for length 4 to character count 30
0:00:00:08 - Trying length 4, fixed @3, character count 26
0:00:00:08 - Switching to length 5
0:00:00:09 - Expanding tables for length 5 to character count 18
0:00:00:09 - Trying length 5, fixed @4, character count 18
0:00:00:09 - Switching to length 3
0:00:00:09 - Expanding tables for length 3 to character count 48
0:00:00:09 - Trying length 3, fixed @1, character count 43
0:00:00:09 - Switching to length 6
0:00:00:09 - Expanding tables for length 6 to character count 14
0:00:00:09 - Trying length 6, fixed @2, character count 12
0:00:00:09 - Switching to length 4
0:00:00:09 - Expanding tables for length 4 to character count 30
0:00:00:09 - Trying length 4, fixed @3, character count 27
0:00:00:09 - Switching to length 3
0:00:00:09 - Expanding tables for length 3 to character count 48
0:00:00:09 - Trying length 3, fixed @2, character count 43
0:00:00:09 - Switching to length 6
0:00:00:09 - Expanding tables for length 6 to character count 14
0:00:00:09 - Trying length 6, fixed @4, character count 13
0:00:00:09 - Switching to length 2
0:00:00:09 - Expanding tables for length 2 to character count 69
0:00:00:09 - Trying length 2, fixed @2, character count 69
0:00:00:09 - Switching to length 4
0:00:00:09 - Expanding tables for length 4 to character count 30
0:00:00:09 - Trying length 4, fixed @3, character count 28
0:00:00:09 - Switching to length 5
0:00:00:09 - Expanding tables for length 5 to character count 18
0:00:00:09 - Trying length 5, fixed @2, character count 15
0:00:00:09 - Switching to length 7
0:00:00:09 - Expanding tables for length 7 to character count 11
0:00:00:09 - Trying length 7, fixed @1, character count 11
0:00:00:09 - Switching to length 4
0:00:00:09 - Expanding tables for length 4 to character count 30
0:00:00:09 - Trying length 4, fixed @3, character count 29
0:00:00:09 - Switching to length 3
0:00:00:09 - Expanding tables for length 3 to character count 48
0:00:00:09 - Trying length 3, fixed @1, character count 44
0:00:00:09 - Switching to length 5
0:00:00:09 - Expanding tables for length 5 to character count 18
0:00:00:09 - Trying length 5, fixed @5, character count 17
0:00:00:09 - Switching to length 4
0:00:00:09 - Expanding tables for length 4 to character count 30
0:00:00:09 - Trying length 4, fixed @1, character count 30
0:00:00:09 - Switching to length 6
0:00:00:09 - Expanding tables for length 6 to character count 14
0:00:00:09 - Trying length 6, fixed @3, character count 14
0:00:00:09 - Expanding tables for length 6 to character count 15
0:00:00:09 - Trying length 6, fixed @6, character count 15
0:00:00:09 - Switching to length 4
0:00:00:09 - Expanding tables for length 4 to character count 30
0:00:00:09 - Trying length 4, fixed @3, character count 30
0:00:00:09 - Switching to length 5
0:00:00:09 - Expanding tables for length 5 to character count 18
0:00:00:09 - Trying length 5, fixed @3, character count 18
0:00:00:09 - Switching to length 6
0:00:00:09 - Expanding tables for length 6 to character count 15
0:00:00:09 - Trying length 6, fixed @1, character count 14
0:00:00:09 - Switching to length 4
0:00:00:09 - Expanding tables for length 4 to character count 31
0:00:00:09 - Trying length 4, fixed @1, character count 31
0:00:00:09 - Switching to length 5
0:00:00:09 - Expanding tables for length 5 to character count 19
0:00:00:09 - Trying length 5, fixed @1, character count 19
0:00:00:09 - Switching to length 2
0:00:00:09 - Expanding tables for length 2 to character count 70
0:00:00:09 - Trying length 2, fixed @2, character count 70
0:00:00:09 - Switching to length 7
0:00:00:09 - Expanding tables for length 7 to character count 11
0:00:00:09 - Trying length 7, fixed @2, character count 9
0:00:00:09 - Switching to length 5
0:00:00:09 - Expanding tables for length 5 to character count 19
0:00:00:09 - Trying length 5, fixed @4, character count 19
0:00:00:09 - Switching to length 7
0:00:00:09 - Expanding tables for length 7 to character count 11
0:00:00:09 - Trying length 7, fixed @4, character count 10
0:00:00:09 - Switching to length 3
0:00:00:09 - Expanding tables for length 3 to character count 48
0:00:00:09 - Trying length 3, fixed @1, character count 45
0:00:00:09 - Trying length 3, fixed @1, character count 46
0:00:00:09 - Switching to length 6
0:00:00:09 - Expanding tables for length 6 to character count 15
0:00:00:09 - Trying length 6, fixed @5, character count 14
0:00:00:09 - Switching to length 2
0:00:00:09 - Expanding tables for length 2 to character count 70
0:00:00:09 - Trying length 2, fixed @1, character count 68
0:00:00:09 - Switching to length 6
0:00:00:09 - Expanding tables for length 6 to character count 15
0:00:00:09 - Trying length 6, fixed @4, character count 14
0:00:00:09 - Switching to length 4
0:00:00:09 - Expanding tables for length 4 to character count 31
0:00:00:09 - Trying length 4, fixed @4, character count 26
0:00:00:09 - Switching to length 5
0:00:00:09 - Expanding tables for length 5 to character count 19
0:00:00:09 - Trying length 5, fixed @5, character count 18
0:00:00:09 - Switching to length 7
0:00:00:09 - Expanding tables for length 7 to character count 11
0:00:00:09 - Trying length 7, fixed @3, character count 11
0:00:00:09 - Switching to length 4
0:00:00:09 - Expanding tables for length 4 to character count 32
0:00:00:09 - Trying length 4, fixed @1, character count 32
0:00:00:09 - Switching to length 3
0:00:00:09 - Expanding tables for length 3 to character count 48
0:00:00:09 - Trying length 3, fixed @2, character count 44
0:00:00:09 - Switching to length 7
0:00:00:09 - Expanding tables for length 7 to character count 11
0:00:00:09 - Trying length 7, fixed @5, character count 11
0:00:00:09 - Switching to length 4
0:00:00:09 - Expanding tables for length 4 to character count 33
0:00:00:09 - Trying length 4, fixed @1, character count 33
0:00:00:09 - Switching to length 7
0:00:00:09 - Expanding tables for length 7 to character count 11
0:00:00:09 - Trying length 7, fixed @7, character count 11
0:00:00:09 - Switching to length 5
0:00:00:09 - Expanding tables for length 5 to character count 19
0:00:00:09 - Trying length 5, fixed @5, character count 19
0:00:00:09 - Switching to length 6
0:00:00:09 - Expanding tables for length 6 to character count 15
0:00:00:10 - Trying length 6, fixed @3, character count 15
0:00:00:10 - Switching to length 5
0:00:00:10 - Expanding tables for length 5 to character count 19
0:00:00:10 - Trying length 5, fixed @3, character count 19
0:00:00:10 - Switching to length 6
0:00:00:10 - Expanding tables for length 6 to character count 16
0:00:00:10 - Trying length 6, fixed @6, character count 16
0:00:00:10 - Switching to length 7
0:00:00:10 - Expanding tables for length 7 to character count 11
0:00:00:10 - Trying length 7, fixed @6, character count 11
0:00:00:10 - Switching to length 3
0:00:00:10 - Expanding tables for length 3 to character count 49
0:00:00:10 - Trying length 3, fixed @3, character count 49
0:00:00:10 - Switching to length 4
0:00:00:10 - Expanding tables for length 4 to character count 33
0:00:00:10 - Trying length 4, fixed @4, character count 27
0:00:00:10 - Switching to length 3
0:00:00:10 - Expanding tables for length 3 to character count 50
0:00:00:10 - Trying length 3, fixed @3, character count 50
0:00:00:10 - Switching to length 5
0:00:00:10 - Expanding tables for length 5 to character count 20
0:00:00:10 - Trying length 5, fixed @5, character count 20
0:00:00:10 - Switching to length 6
0:00:00:10 - Expanding tables for length 6 to character count 16
0:00:00:10 - Trying length 6, fixed @2, character count 13
0:00:00:10 - Switching to length 3
0:00:00:10 - Expanding tables for length 3 to character count 51
0:00:00:10 - Trying length 3, fixed @3, character count 51
0:00:00:10 - Switching to length 5
0:00:00:10 - Expanding tables for length 5 to character count 20
0:00:00:10 - Trying length 5, fixed @3, character count 20
0:00:00:10 - Switching to length 6
0:00:00:10 - Expanding tables for length 6 to character count 16
0:00:00:10 - Trying length 6, fixed @1, character count 15
0:00:00:10 - Switching to length 7
0:00:00:10 - Expanding tables for length 7 to character count 12
0:00:00:10 - Trying length 7, fixed @1, character count 12
0:00:00:10 - Switching to length 4
0:00:00:10 - Expanding tables for length 4 to character count 33
0:00:00:10 - Trying length 4, fixed @3, character count 31
0:00:00:10 - Switching to length 3
0:00:00:10 - Expanding tables for length 3 to character count 51
0:00:00:10 - Trying length 3, fixed @2, character count 45
0:00:00:10 - Switching to length 5
0:00:00:10 - Expanding tables for length 5 to character count 20
0:00:00:10 - Trying length 5, fixed @1, character count 20
0:00:00:10 - Switching to length 3
0:00:00:10 - Expanding tables for length 3 to character count 52
0:00:00:10 - Trying length 3, fixed @3, character count 52
0:00:00:10 - Switching to length 5
0:00:00:10 - Expanding tables for length 5 to character count 21
0:00:00:10 - Trying length 5, fixed @3, character count 21
0:00:00:10 - Switching to length 6
0:00:00:10 - Expanding tables for length 6 to character count 16
0:00:00:10 - Trying length 6, fixed @5, character count 15
0:00:00:10 - Trying length 6, fixed @4, character count 15
0:00:00:10 - Switching to length 2
0:00:00:10 - Expanding tables for length 2 to character count 70
0:00:00:10 - Trying length 2, fixed @1, character count 69
0:00:00:10 - Switching to length 3
0:00:00:10 - Expanding tables for length 3 to character count 52
0:00:00:10 - Trying length 3, fixed @2, character count 46
0:00:00:10 - Switching to length 5
0:00:00:10 - Expanding tables for length 5 to character count 21
0:00:00:10 - Trying length 5, fixed @2, character count 16
0:00:00:10 - Trying length 5, fixed @5, character count 21
0:00:00:10 - Switching to length 7
0:00:00:10 - Expanding tables for length 7 to character count 12
0:00:00:10 - Trying length 7, fixed @2, character count 10
0:00:00:10 - Trying length 7, fixed @4, character count 11
0:00:00:10 - Switching to length 2
0:00:00:10 - Expanding tables for length 2 to character count 70
0:00:00:10 - Trying length 2, fixed @1, character count 70
0:00:00:10 - Switching to length 3
0:00:00:10 - Expanding tables for length 3 to character count 52
0:00:00:10 - Trying length 3, fixed @2, character count 47
0:00:00:10 - Switching to length 6
0:00:00:10 - Expanding tables for length 6 to character count 16
0:00:00:10 - Trying length 6, fixed @2, character count 14
0:00:00:10 - Switching to length 4
0:00:00:10 - Expanding tables for length 4 to character count 33
0:00:00:10 - Trying length 4, fixed @4, character count 28
0:00:00:10 - Switching to length 3
0:00:00:10 - Expanding tables for length 3 to character count 53
0:00:00:10 - Trying length 3, fixed @3, character count 53
0:00:00:10 - Switching to length 5
0:00:00:10 - Expanding tables for length 5 to character count 22
0:00:00:10 - Trying length 5, fixed @3, character count 22
0:00:00:10 - Switching to length 4
0:00:00:10 - Expanding tables for length 4 to character count 33
0:00:00:10 - Trying length 4, fixed @4, character count 29
0:00:00:10 - Switching to length 7
0:00:00:10 - Expanding tables for length 7 to character count 12
0:00:00:10 - Trying length 7, fixed @7, character count 12
0:00:00:10 - Switching to length 6
0:00:00:10 - Expanding tables for length 6 to character count 16
0:00:00:10 - Trying length 6, fixed @4, character count 16
0:00:00:10 - Switching to length 3
0:00:00:10 - Expanding tables for length 3 to character count 53
0:00:00:10 - Trying length 3, fixed @2, character count 48
0:00:00:10 - Switching to length 6
0:00:00:10 - Expanding tables for length 6 to character count 17
0:00:00:10 - Trying length 6, fixed @6, character count 17
0:00:00:10 - Switching to length 4
0:00:00:10 - Expanding tables for length 4 to character count 33
0:00:00:10 - Trying length 4, fixed @4, character count 30
0:00:00:10 - Switching to length 7
0:00:00:10 - Expanding tables for length 7 to character count 12
0:00:00:10 - Trying length 7, fixed @6, character count 12
0:00:00:11 - Switching to length 4
0:00:00:11 - Expanding tables for length 4 to character count 33
0:00:00:11 - Trying length 4, fixed @2, character count 31
0:00:00:11 - Switching to length 5
0:00:00:11 - Expanding tables for length 5 to character count 22
0:00:00:11 - Trying length 5, fixed @2, character count 17
0:00:00:11 - Switching to length 4
0:00:00:11 - Expanding tables for length 4 to character count 33
0:00:00:11 - Trying length 4, fixed @2, character count 32
0:00:00:11 - Switching to length 5
0:00:00:11 - Expanding tables for length 5 to character count 22
0:00:00:11 - Trying length 5, fixed @4, character count 20
0:00:00:11 - Switching to length 3
0:00:00:11 - Expanding tables for length 3 to character count 53
0:00:00:11 - Trying length 3, fixed @1, character count 47
0:00:00:11 - Trying length 3, fixed @2, character count 49
0:00:00:11 - Trying length 3, fixed @2, character count 50
0:00:00:11 - Switching to length 6
0:00:00:11 - Expanding tables for length 6 to character count 17
0:00:00:11 - Trying length 6, fixed @2, character count 15
0:00:00:11 - Switching to length 5
0:00:00:11 - Expanding tables for length 5 to character count 22
0:00:00:11 - Trying length 5, fixed @1, character count 21
0:00:00:11 - Switching to length 3
0:00:00:11 - Expanding tables for length 3 to character count 54
0:00:00:11 - Trying length 3, fixed @3, character count 54
0:00:00:11 - Switching to length 4
0:00:00:11 - Expanding tables for length 4 to character count 33
0:00:00:11 - Trying length 4, fixed @3, character count 32
0:00:00:11 - Switching to length 2
0:00:00:11 - Expanding tables for length 2 to character count 71
0:00:00:11 - Trying length 2, fixed @2, character count 71
0:00:00:11 - Switching to length 6
0:00:00:11 - Expanding tables for length 6 to character count 17
0:00:00:11 - Trying length 6, fixed @1, character count 16
0:00:00:11 - Switching to length 7
0:00:00:11 - Expanding tables for length 7 to character count 12
0:00:00:11 - Trying length 7, fixed @4, character count 12
0:00:00:11 - Switching to length 5
0:00:00:11 - Expanding tables for length 5 to character count 23
0:00:00:11 - Trying length 5, fixed @3, character count 23
0:00:00:11 - Switching to length 4
0:00:00:11 - Expanding tables for length 4 to character count 33
0:00:00:11 - Trying length 4, fixed @2, character count 33
0:00:00:11 - Switching to length 6
0:00:00:11 - Expanding tables for length 6 to character count 17
0:00:00:11 - Trying length 6, fixed @4, character count 17
0:00:00:11 - Switching to length 5
0:00:00:11 - Expanding tables for length 5 to character count 23
0:00:00:11 - Trying length 5, fixed @4, character count 21
0:00:00:11 - Switching to length 3
0:00:00:11 - Expanding tables for length 3 to character count 54
0:00:00:11 - Trying length 3, fixed @2, character count 51
0:00:00:11 - Expanding tables for length 3 to character count 55
0:00:00:11 - Trying length 3, fixed @3, character count 55
0:00:00:11 - Switching to length 7
0:00:00:11 - Expanding tables for length 7 to character count 12
0:00:00:11 - Trying length 7, fixed @5, character count 12
0:00:00:11 - Switching to length 2
0:00:00:11 - Expanding tables for length 2 to character count 71
0:00:00:11 - Trying length 2, fixed @1, character count 71
0:00:00:11 - Switching to length 7
0:00:00:11 - Expanding tables for length 7 to character count 13
0:00:00:11 - Trying length 7, fixed @1, character count 13
0:00:00:11 - Switching to length 6
0:00:00:11 - Expanding tables for length 6 to character count 17
0:00:00:11 - Trying length 6, fixed @3, character count 16
0:00:00:11 - Switching to length 3
0:00:00:11 - Expanding tables for length 3 to character count 55
0:00:00:11 - Trying length 3, fixed @1, character count 48
0:00:00:11 - Switching to length 4
0:00:00:11 - Expanding tables for length 4 to character count 33
0:00:00:11 - Trying length 4, fixed @4, character count 31
0:00:00:11 - Switching to length 5
0:00:00:11 - Expanding tables for length 5 to character count 23
0:00:00:11 - Trying length 5, fixed @2, character count 18
0:00:00:11 - Switching to length 6
0:00:00:11 - Expanding tables for length 6 to character count 18
0:00:00:11 - Trying length 6, fixed @4, character count 18
0:00:00:11 - Switching to length 4
0:00:00:11 - Expanding tables for length 4 to character count 33
0:00:00:11 - Trying length 4, fixed @4, character count 32
0:00:00:11 - Switching to length 5
0:00:00:11 - Expanding tables for length 5 to character count 23
0:00:00:11 - Trying length 5, fixed @4, character count 22
0:00:00:11 - Switching to length 4
0:00:00:11 - Expanding tables for length 4 to character count 33
0:00:00:11 - Trying length 4, fixed @4, character count 33
0:00:00:11 - Switching to length 2
0:00:00:11 - Expanding tables for length 2 to character count 72
0:00:00:11 - Trying length 2, fixed @1, character count 72
0:00:00:11 - Switching to length 5
0:00:00:11 - Expanding tables for length 5 to character count 24
0:00:00:11 - Trying length 5, fixed @3, character count 24
0:00:00:11 - Switching to length 3
0:00:00:11 - Expanding tables for length 3 to character count 56
0:00:00:11 - Trying length 3, fixed @3, character count 56
0:00:00:11 - Switching to length 2
0:00:00:11 - Expanding tables for length 2 to character count 72
0:00:00:11 - Trying length 2, fixed @2, character count 72
0:00:00:11 - Expanding tables for length 2 to character count 73
0:00:00:11 - Trying length 2, fixed @2, character count 73
0:00:00:11 - Switching to length 4
0:00:00:11 - Expanding tables for length 4 to character count 34
0:00:00:11 - Trying length 4, fixed @1, character count 34
0:00:00:11 - Switching to length 7
0:00:00:11 - Expanding tables for length 7 to character count 13
0:00:00:11 - Trying length 7, fixed @2, character count 11
0:00:00:11 - Trying length 7, fixed @7, character count 13
0:00:00:11 - Switching to length 6
0:00:00:11 - Expanding tables for length 6 to character count 18
0:00:00:11 - Trying length 6, fixed @5, character count 16
0:00:00:11 - Switching to length 3
0:00:00:11 - Expanding tables for length 3 to character count 56
0:00:00:11 - Trying length 3, fixed @2, character count 52
0:00:00:11 - Switching to length 6
0:00:00:12 - Expanding tables for length 6 to character count 18
0:00:00:12 - Trying length 6, fixed @1, character count 17
0:00:00:12 - Switching to length 3
0:00:00:12 - Expanding tables for length 3 to character count 56
0:00:00:12 - Trying length 3, fixed @2, character count 53
0:00:00:12 - Switching to length 4
0:00:00:12 - Expanding tables for length 4 to character count 34
0:00:00:12 - Trying length 4, fixed @3, character count 33
0:00:00:12 - Switching to length 5
0:00:00:12 - Expanding tables for length 5 to character count 24
0:00:00:12 - Trying length 5, fixed @1, character count 22
0:00:00:12 - Trying length 5, fixed @4, character count 23
0:00:00:12 - Switching to length 3
0:00:00:12 - Expanding tables for length 3 to character count 56
0:00:00:12 - Trying length 3, fixed @2, character count 54
0:00:00:12 - Switching to length 7
0:00:00:12 - Expanding tables for length 7 to character count 13
0:00:00:12 - Trying length 7, fixed @3, character count 12
0:00:00:12 - Trying length 7, fixed @6, character count 13
0:00:00:12 - Switching to length 4
0:00:00:12 - Expanding tables for length 4 to character count 34
0:00:00:12 - Trying length 4, fixed @2, character count 34
0:00:00:12 - Switching to length 6
0:00:00:12 - Expanding tables for length 6 to character count 18
0:00:00:12 - Trying length 6, fixed @2, character count 16
0:00:00:12 - Switching to length 5
0:00:00:12 - Expanding tables for length 5 to character count 24
0:00:00:12 - Trying length 5, fixed @5, character count 22
0:00:00:12 - Switching to length 3
0:00:00:12 - Expanding tables for length 3 to character count 57
0:00:00:12 - Trying length 3, fixed @3, character count 57
0:00:00:12 - Switching to length 6
0:00:00:12 - Expanding tables for length 6 to character count 18
0:00:00:12 - Trying length 6, fixed @3, character count 17
0:00:00:12 - Switching to length 4
0:00:00:12 - Expanding tables for length 4 to character count 34
0:00:00:12 - Trying length 4, fixed @4, character count 34
0:00:00:12 - Switching to length 5
0:00:00:12 - Expanding tables for length 5 to character count 24
0:00:00:12 - Trying length 5, fixed @2, character count 19
0:00:00:12 - Trying length 5, fixed @4, character count 24
0:00:00:12 - Switching to length 2
0:00:00:12 - Expanding tables for length 2 to character count 73
0:00:00:12 - Trying length 2, fixed @1, character count 73
0:00:00:12 - Switching to length 6
0:00:00:12 - Expanding tables for length 6 to character count 18
0:00:00:12 - Trying length 6, fixed @5, character count 17
0:00:00:12 - Switching to length 7
0:00:00:12 - Expanding tables for length 7 to character count 13
0:00:00:12 - Trying length 7, fixed @4, character count 13
0:00:00:12 - Switching to length 3
0:00:00:12 - Expanding tables for length 3 to character count 57
0:00:00:12 - Trying length 3, fixed @1, character count 49
0:00:00:12 - Switching to length 6
0:00:00:12 - Expanding tables for length 6 to character count 19
0:00:00:12 - Trying length 6, fixed @4, character count 19
0:00:00:12 - Switching to length 3
0:00:00:12 - Expanding tables for length 3 to character count 57
0:00:00:12 - Trying length 3, fixed @1, character count 50
0:00:00:12 - Switching to length 5
0:00:00:12 - Expanding tables for length 5 to character count 24
0:00:00:12 - Trying length 5, fixed @5, character count 23
0:00:00:12 - Switching to length 4
0:00:00:12 - Expanding tables for length 4 to character count 34
0:00:00:12 - Trying length 4, fixed @3, character count 34
0:00:00:12 - Expanding tables for length 4 to character count 35
0:00:00:12 - Trying length 4, fixed @4, character count 35
0:00:00:12 - Switching to length 6
0:00:00:12 - Expanding tables for length 6 to character count 19
0:00:00:12 - Trying length 6, fixed @2, character count 17
0:00:00:12 - Switching to length 5
0:00:00:12 - Expanding tables for length 5 to character count 24
0:00:00:12 - Trying length 5, fixed @2, character count 20
0:00:00:12 - Switching to length 3
0:00:00:12 - Expanding tables for length 3 to character count 57
0:00:00:12 - Trying length 3, fixed @1, character count 51
0:00:00:12 - Switching to length 2
0:00:00:12 - Expanding tables for length 2 to character count 74
0:00:00:12 - Trying length 2, fixed @2, character count 74
0:00:00:12 - Switching to length 3
0:00:00:12 - Expanding tables for length 3 to character count 57
0:00:00:12 - Trying length 3, fixed @2, character count 55
0:00:00:12 - Switching to length 7
0:00:00:12 - Expanding tables for length 7 to character count 13
0:00:00:12 - Trying length 7, fixed @3, character count 13
0:00:00:12 - Expanding tables for length 7 to character count 14
0:00:00:12 - Trying length 7, fixed @7, character count 14
0:00:00:12 - Switching to length 5
0:00:00:12 - Expanding tables for length 5 to character count 24
0:00:00:12 - Trying length 5, fixed @1, character count 23
0:00:00:12 - Switching to length 6
0:00:00:12 - Expanding tables for length 6 to character count 19
0:00:00:12 - Trying length 6, fixed @1, character count 18
0:00:00:12 - Switching to length 5
0:00:00:12 - Expanding tables for length 5 to character count 25
0:00:00:12 - Trying length 5, fixed @3, character count 25
0:00:00:13 - Switching to length 3
0:00:00:13 - Expanding tables for length 3 to character count 57
0:00:00:13 - Trying length 3, fixed @2, character count 56
0:00:00:13 - Switching to length 4
0:00:00:13 - Expanding tables for length 4 to character count 35
0:00:00:13 - Trying length 4, fixed @3, character count 35
0:00:00:13 - Switching to length 5
0:00:00:13 - Expanding tables for length 5 to character count 25
0:00:00:13 - Trying length 5, fixed @4, character count 25
0:00:00:13 - Switching to length 4
0:00:00:13 - Expanding tables for length 4 to character count 35
0:00:00:13 - Trying length 4, fixed @2, character count 35
0:00:00:13 - Switching to length 6
0:00:00:13 - Expanding tables for length 6 to character count 19
0:00:00:13 - Trying length 6, fixed @6, character count 18
0:00:00:13 - Expanding tables for length 6 to character count 20
0:00:00:13 - Trying length 6, fixed @4, character count 20
0:00:00:13 - Switching to length 3
0:00:00:13 - Expanding tables for length 3 to character count 57
0:00:00:13 - Trying length 3, fixed @2, character count 57
0:00:00:13 - Switching to length 5
0:00:00:13 - Expanding tables for length 5 to character count 26
0:00:00:13 - Trying length 5, fixed @3, character count 26
0:00:00:13 - Switching to length 2
0:00:00:13 - Expanding tables for length 2 to character count 75
0:00:00:13 - Trying length 2, fixed @2, character count 75
0:00:00:13 - Switching to length 4
0:00:00:13 - Expanding tables for length 4 to character count 36
0:00:00:13 - Trying length 4, fixed @4, character count 36
0:00:00:13 - Switching to length 6
0:00:00:13 - Expanding tables for length 6 to character count 20
0:00:00:13 - Trying length 6, fixed @5, character count 18
0:00:00:13 - Switching to length 7
0:00:00:13 - Expanding tables for length 7 to character count 14
0:00:00:13 - Trying length 7, fixed @2, character count 12
0:00:00:13 - Switching to length 5
0:00:00:13 - Expanding tables for length 5 to character count 26
0:00:00:13 - Trying length 5, fixed @1, character count 24
0:00:00:13 - Switching to length 7
0:00:00:13 - Expanding tables for length 7 to character count 14
0:00:00:13 - Trying length 7, fixed @5, character count 13
0:00:00:13 - Trying length 7, fixed @1, character count 14
0:00:00:13 - Switching to length 3
0:00:00:13 - Expanding tables for length 3 to character count 58
0:00:00:13 - Trying length 3, fixed @3, character count 58
0:00:00:13 - Expanding tables for length 3 to character count 59
0:00:00:13 - Trying length 3, fixed @3, character count 59
0:00:00:13 - Switching to length 6
0:00:00:13 - Expanding tables for length 6 to character count 20
0:00:00:13 - Trying length 6, fixed @3, character count 18
0:00:00:13 - Switching to length 5
0:00:00:13 - Expanding tables for length 5 to character count 26
0:00:00:13 - Trying length 5, fixed @4, character count 26
0:00:00:13 - Switching to length 7
0:00:00:13 - Expanding tables for length 7 to character count 14
0:00:00:13 - Trying length 7, fixed @6, character count 14
0:00:00:13 - Switching to length 4
0:00:00:13 - Expanding tables for length 4 to character count 36
0:00:00:13 - Trying length 4, fixed @2, character count 36
0:00:00:13 - Switching to length 5
0:00:00:13 - Expanding tables for length 5 to character count 26
0:00:00:13 - Trying length 5, fixed @2, character count 21
0:00:00:13 - Switching to length 3
0:00:00:13 - Expanding tables for length 3 to character count 59
0:00:00:13 - Trying length 3, fixed @2, character count 58
0:00:00:13 - Switching to length 6
0:00:00:13 - Expanding tables for length 6 to character count 20
0:00:00:13 - Trying length 6, fixed @2, character count 18
0:00:00:13 - Expanding tables for length 6 to character count 21
0:00:00:13 - Trying length 6, fixed @4, character count 21
0:00:00:13 - Switching to length 3
0:00:00:13 - Expanding tables for length 3 to character count 59
0:00:00:13 - Trying length 3, fixed @2, character count 59
0:00:00:13 - Switching to length 5
0:00:00:13 - Expanding tables for length 5 to character count 26
0:00:00:13 - Trying length 5, fixed @1, character count 25
0:00:00:13 - Expanding tables for length 5 to character count 27
0:00:00:13 - Trying length 5, fixed @4, character count 27
0:00:00:13 - Switching to length 7
0:00:00:13 - Expanding tables for length 7 to character count 14
0:00:00:13 - Trying length 7, fixed @4, character count 14
0:00:00:14 - Switching to length 2
0:00:00:14 - Expanding tables for length 2 to character count 75
0:00:00:14 - Trying length 2, fixed @1, character count 74
0:00:00:14 - Trying length 2, fixed @1, character count 75
0:00:00:14 - Expanding tables for length 2 to character count 76
0:00:00:14 - Trying length 2, fixed @2, character count 76
0:00:00:14 - Switching to length 6
0:00:00:14 - Expanding tables for length 6 to character count 21
0:00:00:14 - Trying length 6, fixed @1, character count 19
0:00:00:14 - Switching to length 5
0:00:00:14 - Expanding tables for length 5 to character count 27
0:00:00:14 - Trying length 5, fixed @1, character count 26
0:00:00:14 - Switching to length 6
0:00:00:14 - Expanding tables for length 6 to character count 22
0:00:00:14 - Trying length 6, fixed @4, character count 22
0:00:00:14 - Switching to length 5
0:00:00:14 - Expanding tables for length 5 to character count 27
0:00:00:14 - Trying length 5, fixed @3, character count 27
0:00:00:14 - Switching to length 4
0:00:00:14 - Expanding tables for length 4 to character count 36
0:00:00:14 - Trying length 4, fixed @1, character count 35
0:00:00:14 - Switching to length 3
0:00:00:14 - Expanding tables for length 3 to character count 59
0:00:00:14 - Trying length 3, fixed @1, character count 52
0:00:00:14 - Switching to length 7
0:00:00:14 - Expanding tables for length 7 to character count 14
0:00:00:14 - Trying length 7, fixed @3, character count 14
0:00:00:14 - Switching to length 6
0:00:00:14 - Expanding tables for length 6 to character count 22
0:00:00:14 - Trying length 6, fixed @6, character count 19
0:00:00:14 - Switching to length 7
0:00:00:14 - Expanding tables for length 7 to character count 15
0:00:00:14 - Trying length 7, fixed @7, character count 15
0:00:00:14 - Switching to length 5
0:00:00:14 - Expanding tables for length 5 to character count 27
0:00:00:14 - Trying length 5, fixed @2, character count 22
0:00:00:14 - Expanding tables for length 5 to character count 28
0:00:00:14 - Trying length 5, fixed @3, character count 28
0:00:00:14 - Switching to length 3
0:00:00:14 - Expanding tables for length 3 to character count 59
0:00:00:14 - Trying length 3, fixed @1, character count 53
0:00:00:14 - Switching to length 6
0:00:00:14 - Expanding tables for length 6 to character count 22
0:00:00:14 - Trying length 6, fixed @3, character count 19
0:00:00:14 - Switching to length 7
0:00:00:14 - Expanding tables for length 7 to character count 15
0:00:00:14 - Trying length 7, fixed @1, character count 15
0:00:00:14 - Switching to length 4
0:00:00:14 - Expanding tables for length 4 to character count 36
0:00:00:14 - Trying length 4, fixed @1, character count 36
0:00:00:14 - Switching to length 5
0:00:00:14 - Expanding tables for length 5 to character count 29
0:00:00:14 - Trying length 5, fixed @3, character count 29
0:00:00:14 - Switching to length 3
0:00:00:14 - Expanding tables for length 3 to character count 59
0:00:00:14 - Trying length 3, fixed @1, character count 54
0:00:00:14 - Switching to length 5
0:00:00:14 - Expanding tables for length 5 to character count 30
0:00:00:14 - Trying length 5, fixed @3, character count 30
0:00:00:14 - Switching to length 2
0:00:00:14 - Expanding tables for length 2 to character count 76
0:00:00:14 - Trying length 2, fixed @1, character count 76
0:00:00:14 - Expanding tables for length 2 to character count 77
0:00:00:14 - Trying length 2, fixed @1, character count 77
0:00:00:14 - Switching to length 3
0:00:00:14 - Expanding tables for length 3 to character count 59
0:00:00:14 - Trying length 3, fixed @1, character count 55
0:00:00:14 - Switching to length 2
0:00:00:14 - Expanding tables for length 2 to character count 77
0:00:00:14 - Trying length 2, fixed @2, character count 77
0:00:00:14 - Expanding tables for length 2 to character count 78
0:00:00:14 - Trying length 2, fixed @1, character count 78
0:00:00:14 - Switching to length 4
0:00:00:14 - Expanding tables for length 4 to character count 36
0:00:00:14 - Trying length 4, fixed @3, character count 36
0:00:00:14 - Switching to length 6
0:00:00:14 - Expanding tables for length 6 to character count 22
0:00:00:14 - Trying length 6, fixed @5, character count 19
0:00:00:14 - Switching to length 7
0:00:00:14 - Expanding tables for length 7 to character count 15
0:00:00:14 - Trying length 7, fixed @5, character count 14
0:00:00:15 - Switching to length 3
0:00:00:15 - Expanding tables for length 3 to character count 60
0:00:00:15 - Trying length 3, fixed @3, character count 60
0:00:00:15 - Switching to length 5
0:00:00:15 - Expanding tables for length 5 to character count 30
0:00:00:15 - Trying length 5, fixed @5, character count 24
0:00:00:15 - Trying length 5, fixed @4, character count 28
0:00:00:15 - Switching to length 6
0:00:00:15 - Expanding tables for length 6 to character count 22
0:00:00:15 - Trying length 6, fixed @2, character count 19
0:00:00:15 - Trying length 6, fixed @1, character count 20
0:00:00:15 - Switching to length 3
0:00:00:15 - Expanding tables for length 3 to character count 61
0:00:00:15 - Trying length 3, fixed @3, character count 61
0:00:00:15 - Switching to length 6
0:00:00:15 - Expanding tables for length 6 to character count 23
0:00:00:15 - Trying length 6, fixed @4, character count 23
0:00:00:15 - Switching to length 4
0:00:00:15 - Expanding tables for length 4 to character count 37
0:00:00:15 - Trying length 4, fixed @1, character count 37
0:00:00:15 - Switching to length 7
0:00:00:15 - Expanding tables for length 7 to character count 15
0:00:00:15 - Trying length 7, fixed @4, character count 15
0:00:00:15 - Switching to length 5
0:00:00:15 - Expanding tables for length 5 to character count 30
0:00:00:15 - Trying length 5, fixed @5, character count 25
0:00:00:15 - Switching to length 6
0:00:00:15 - Expanding tables for length 6 to character count 23
0:00:00:15 - Trying length 6, fixed @3, character count 20
0:00:00:15 - Switching to length 3
0:00:00:15 - Expanding tables for length 3 to character count 61
0:00:00:15 - Trying length 3, fixed @1, character count 56
0:00:00:15 - Switching to length 7
0:00:00:15 - Expanding tables for length 7 to character count 15
0:00:00:15 - Trying length 7, fixed @3, character count 15
0:00:00:15 - Switching to length 5
0:00:00:15 - Expanding tables for length 5 to character count 30
0:00:00:15 - Trying length 5, fixed @2, character count 23
0:00:00:15 - Switching to length 3
0:00:00:15 - Expanding tables for length 3 to character count 61
0:00:00:15 - Trying length 3, fixed @1, character count 57
0:00:00:15 - Switching to length 6
0:00:00:15 - Expanding tables for length 6 to character count 24
0:00:00:15 - Trying length 6, fixed @4, character count 24
0:00:00:15 - Switching to length 4
0:00:00:15 - Expanding tables for length 4 to character count 37
0:00:00:15 - Trying length 4, fixed @2, character count 37
0:00:00:15 - Switching to length 5
0:00:00:15 - Expanding tables for length 5 to character count 30
0:00:00:15 - Trying length 5, fixed @1, character count 27
0:00:00:15 - Switching to length 7
0:00:00:15 - Expanding tables for length 7 to character count 15
0:00:00:15 - Trying length 7, fixed @6, character count 15
0:00:00:16 - Expanding tables for length 7 to character count 16
0:00:00:16 - Trying length 7, fixed @7, character count 16
0:00:00:16 - Switching to length 3
0:00:00:16 - Expanding tables for length 3 to character count 61
0:00:00:16 - Trying length 3, fixed @2, character count 60
0:00:00:16 - Switching to length 6
0:00:00:16 - Expanding tables for length 6 to character count 24
0:00:00:16 - Trying length 6, fixed @2, character count 20
0:00:00:16 - Switching to length 2
0:00:00:16 - Expanding tables for length 2 to character count 78
0:00:00:16 - Trying length 2, fixed @2, character count 78
0:00:00:16 - Expanding tables for length 2 to character count 79
0:00:00:16 - Trying length 2, fixed @1, character count 79
0:00:00:16 - Trying length 2, fixed @2, character count 79
0:00:00:16 - Expanding tables for length 2 to character count 80
0:00:00:16 - Trying length 2, fixed @1, character count 80
0:00:00:16 - Trying length 2, fixed @2, character count 80
0:00:00:16 - Expanding tables for length 2 to character count 81
0:00:00:16 - Trying length 2, fixed @1, character count 81
0:00:00:16 - Switching to length 3
0:00:00:16 - Expanding tables for length 3 to character count 61
0:00:00:16 - Trying length 3, fixed @2, character count 61
0:00:00:16 - Switching to length 5
0:00:00:16 - Expanding tables for length 5 to character count 30
0:00:00:16 - Trying length 5, fixed @2, character count 24
0:00:00:16 - Switching to length 3
0:00:00:16 - Expanding tables for length 3 to character count 62
0:00:00:16 - Trying length 3, fixed @2, character count 62
0:00:00:16 - Switching to length 5
0:00:00:16 - Expanding tables for length 5 to character count 30
0:00:00:16 - Trying length 5, fixed @5, character count 26
0:00:00:16 - Switching to length 7
0:00:00:16 - Expanding tables for length 7 to character count 16
0:00:00:16 - Trying length 7, fixed @2, character count 13
0:00:00:16 - Switching to length 6
0:00:00:16 - Expanding tables for length 6 to character count 24
0:00:00:16 - Trying length 6, fixed @5, character count 20
0:00:00:16 - Trying length 6, fixed @3, character count 21
0:00:00:16 - Switching to length 5
0:00:00:16 - Expanding tables for length 5 to character count 30
0:00:00:16 - Trying length 5, fixed @1, character count 28
0:00:00:16 - Switching to length 3
0:00:00:16 - Expanding tables for length 3 to character count 62
0:00:00:16 - Trying length 3, fixed @1, character count 58
0:00:00:16 - Switching to length 5
0:00:00:16 - Expanding tables for length 5 to character count 30
0:00:00:16 - Trying length 5, fixed @4, character count 29
0:00:00:16 - Switching to length 7
0:00:00:16 - Expanding tables for length 7 to character count 16
0:00:00:16 - Trying length 7, fixed @5, character count 15
0:00:00:16 - Trying length 7, fixed @1, character count 16
0:00:00:16 - Switching to length 3
0:00:00:16 - Expanding tables for length 3 to character count 62
0:00:00:17 - Trying length 3, fixed @3, character count 62
0:00:00:17 - Expanding tables for length 3 to character count 63
0:00:00:17 - Trying length 3, fixed @3, character count 63
0:00:00:17 - Switching to length 4
0:00:00:17 - Expanding tables for length 4 to character count 37
0:00:00:17 - Trying length 4, fixed @4, character count 37
0:00:00:17 - Expanding tables for length 4 to character count 38
0:00:00:17 - Trying length 4, fixed @4, character count 38
0:00:00:17 - Switching to length 6
0:00:00:17 - Expanding tables for length 6 to character count 25
0:00:00:17 - Trying length 6, fixed @4, character count 25
0:00:00:17 - Switching to length 3
0:00:00:17 - Expanding tables for length 3 to character count 63
0:00:00:17 - Trying length 3, fixed @2, character count 63
0:00:00:17 - Switching to length 7
0:00:00:17 - Expanding tables for length 7 to character count 16
0:00:00:17 - Trying length 7, fixed @4, character count 16
0:00:00:17 - Switching to length 5
0:00:00:17 - Expanding tables for length 5 to character count 30
0:00:00:17 - Trying length 5, fixed @2, character count 25
0:00:00:17 - Trying length 5, fixed @5, character count 27
0:00:00:17 - Switching to length 4
0:00:00:17 - Expanding tables for length 4 to character count 38
0:00:00:17 - Trying length 4, fixed @3, character count 37
0:00:00:17 - Switching to length 5
0:00:00:17 - Expanding tables for length 5 to character count 30
0:00:00:17 - Trying length 5, fixed @4, character count 30
0:00:00:17 - Switching to length 6
0:00:00:17 - Expanding tables for length 6 to character count 25
0:00:00:17 - Trying length 6, fixed @6, character count 20
0:00:00:17 - Switching to length 4
0:00:00:17 - Expanding tables for length 4 to character count 38
0:00:00:17 - Trying length 4, fixed @3, character count 38
0:00:00:17 - Switching to length 7
0:00:00:17 - Expanding tables for length 7 to character count 16
0:00:00:17 - Trying length 7, fixed @3, character count 16
0:00:00:17 - Switching to length 5
0:00:00:17 - Expanding tables for length 5 to character count 30
0:00:00:17 - Trying length 5, fixed @1, character count 29
0:00:00:17 - Switching to length 6
0:00:00:17 - Expanding tables for length 6 to character count 25
0:00:00:17 - Trying length 6, fixed @1, character count 21
0:00:00:17 - Expanding tables for length 6 to character count 26
0:00:00:17 - Trying length 6, fixed @4, character count 26
0:00:00:17 - Switching to length 7
0:00:00:17 - Expanding tables for length 7 to character count 17
0:00:00:17 - Trying length 7, fixed @1, character count 17
0:00:00:18 - Switching to length 4
0:00:00:18 - Expanding tables for length 4 to character count 38
0:00:00:18 - Trying length 4, fixed @2, character count 38
0:00:00:18 - Switching to length 3
0:00:00:18 - Expanding tables for length 3 to character count 63
0:00:00:18 - Trying length 3, fixed @1, character count 59
0:00:00:18 - Switching to length 6
0:00:00:18 - Expanding tables for length 6 to character count 26
0:00:00:18 - Trying length 6, fixed @5, character count 21
0:00:00:18 - Switching to length 5
0:00:00:18 - Expanding tables for length 5 to character count 30
0:00:00:18 - Trying length 5, fixed @2, character count 26
0:00:00:18 - Switching to length 7
0:00:00:18 - Expanding tables for length 7 to character count 17
0:00:00:18 - Trying length 7, fixed @5, character count 16
0:00:00:18 - Switching to length 3
0:00:00:18 - Expanding tables for length 3 to character count 64
0:00:00:18 - Trying length 3, fixed @3, character count 64
0:00:00:18 - Switching to length 6
0:00:00:18 - Expanding tables for length 6 to character count 26
0:00:00:18 - Trying length 6, fixed @2, character count 21
0:00:00:18 - Switching to length 3
0:00:00:18 - Expanding tables for length 3 to character count 65
0:00:00:18 - Trying length 3, fixed @3, character count 65
0:00:00:18 - Switching to length 6
0:00:00:18 - Expanding tables for length 6 to character count 27
0:00:00:18 - Trying length 6, fixed @4, character count 27
0:00:00:18 - Switching to length 2
0:00:00:18 - Expanding tables for length 2 to character count 81
0:00:00:18 - Trying length 2, fixed @2, character count 81
0:00:00:18 - Expanding tables for length 2 to character count 82
0:00:00:18 - Trying length 2, fixed @1, character count 82
0:00:00:18 - Switching to length 5
0:00:00:18 - Expanding tables for length 5 to character count 30
0:00:00:18 - Trying length 5, fixed @2, character count 27
0:00:00:18 - Switching to length 2
0:00:00:18 - Expanding tables for length 2 to character count 82
0:00:00:18 - Trying length 2, fixed @2, character count 82
0:00:00:18 - Expanding tables for length 2 to character count 83
0:00:00:18 - Trying length 2, fixed @1, character count 83
0:00:00:18 - Switching to length 7
0:00:00:18 - Expanding tables for length 7 to character count 17
0:00:00:18 - Trying length 7, fixed @7, character count 17
0:00:00:18 - Switching to length 2
0:00:00:18 - Expanding tables for length 2 to character count 83
0:00:00:18 - Trying length 2, fixed @2, character count 83
0:00:00:18 - Expanding tables for length 2 to character count 84
0:00:00:18 - Trying length 2, fixed @1, character count 84
0:00:00:18 - Switching to length 4
0:00:00:18 - Expanding tables for length 4 to character count 38
0:00:00:18 - Trying length 4, fixed @1, character count 38
0:00:00:18 - Switching to length 2
0:00:00:18 - Expanding tables for length 2 to character count 84
0:00:00:18 - Trying length 2, fixed @2, character count 84
0:00:00:18 - Expanding tables for length 2 to character count 85
0:00:00:18 - Trying length 2, fixed @2, character count 85
0:00:00:18 - Switching to length 5
0:00:00:18 - Expanding tables for length 5 to character count 30
0:00:00:18 - Trying length 5, fixed @1, character count 30
0:00:00:18 - Switching to length 6
0:00:00:19 - Expanding tables for length 6 to character count 28
0:00:00:19 - Trying length 6, fixed @4, character count 28
0:00:00:19 - Switching to length 5
0:00:00:19 - Expanding tables for length 5 to character count 31
0:00:00:19 - Trying length 5, fixed @3, character count 31
0:00:00:19 - Switching to length 3
0:00:00:19 - Expanding tables for length 3 to character count 65
0:00:00:19 - Trying length 3, fixed @2, character count 64
0:00:00:19 - Switching to length 4
0:00:00:19 - Expanding tables for length 4 to character count 39
0:00:00:19 - Trying length 4, fixed @3, character count 39
0:00:00:19 - Switching to length 5
0:00:00:19 - Expanding tables for length 5 to character count 31
0:00:00:19 - Trying length 5, fixed @1, character count 31
0:00:00:19 - Switching to length 6
0:00:00:19 - Expanding tables for length 6 to character count 28
0:00:00:19 - Trying length 6, fixed @3, character count 22
0:00:00:19 - Switching to length 7
0:00:00:19 - Expanding tables for length 7 to character count 17
0:00:00:19 - Trying length 7, fixed @2, character count 14
0:00:00:19 - Switching to length 5
0:00:00:19 - Expanding tables for length 5 to character count 31
0:00:00:19 - Trying length 5, fixed @4, character count 31
0:00:00:19 - Switching to length 4
0:00:00:19 - Expanding tables for length 4 to character count 39
0:00:00:19 - Trying length 4, fixed @4, character count 39
0:00:00:19 - Expanding tables for length 4 to character count 40
0:00:00:19 - Trying length 4, fixed @4, character count 40
0:00:00:19 - Switching to length 6
0:00:00:19 - Expanding tables for length 6 to character count 28
0:00:00:19 - Trying length 6, fixed @5, character count 22
0:00:00:19 - Switching to length 5
0:00:00:19 - Expanding tables for length 5 to character count 32
0:00:00:19 - Trying length 5, fixed @1, character count 32
0:00:00:19 - Switching to length 3
0:00:00:19 - Expanding tables for length 3 to character count 65
0:00:00:19 - Trying length 3, fixed @1, character count 60
0:00:00:19 - Switching to length 7
0:00:00:19 - Expanding tables for length 7 to character count 17
0:00:00:19 - Trying length 7, fixed @6, character count 16
0:00:00:20 - Switching to length 4
0:00:00:20 - Expanding tables for length 4 to character count 40
0:00:00:20 - Trying length 4, fixed @3, character count 40
0:00:00:20 - Switching to length 3
0:00:00:20 - Expanding tables for length 3 to character count 65
0:00:00:20 - Trying length 3, fixed @1, character count 61
0:00:00:20 - Switching to length 7
0:00:00:20 - Expanding tables for length 7 to character count 17
0:00:00:20 - Trying length 7, fixed @4, character count 17
0:00:00:20 - Switching to length 5
0:00:00:20 - Expanding tables for length 5 to character count 33
0:00:00:20 - Trying length 5, fixed @1, character count 33
0:00:00:20 - Switching to length 7
0:00:00:20 - Expanding tables for length 7 to character count 18
0:00:00:20 - Trying length 7, fixed @1, character count 18
0:00:00:20 - Switching to length 6
0:00:00:20 - Expanding tables for length 6 to character count 28
0:00:00:20 - Trying length 6, fixed @6, character count 21
0:00:00:20 - Switching to length 4
0:00:00:20 - Expanding tables for length 4 to character count 40
0:00:00:20 - Trying length 4, fixed @1, character count 39
0:00:00:20 - Switching to length 3
0:00:00:20 - Expanding tables for length 3 to character count 65
0:00:00:20 - Trying length 3, fixed @1, character count 62
0:00:00:20 - Switching to length 6
0:00:00:20 - Expanding tables for length 6 to character count 28
0:00:00:20 - Trying length 6, fixed @1, character count 22
0:00:00:20 - Switching to length 5
0:00:00:20 - Expanding tables for length 5 to character count 33
0:00:00:20 - Trying length 5, fixed @2, character count 28
0:00:00:20 - Switching to length 3
0:00:00:20 - Expanding tables for length 3 to character count 66
0:00:00:20 - Trying length 3, fixed @3, character count 66
0:00:00:20 - Switching to length 6
0:00:00:20 - Expanding tables for length 6 to character count 28
0:00:00:20 - Trying length 6, fixed @3, character count 23
0:00:00:21 - Switching to length 7
0:00:00:21 - Expanding tables for length 7 to character count 18
0:00:00:21 - Trying length 7, fixed @5, character count 17
0:00:00:21 - Switching to length 4
0:00:00:21 - Expanding tables for length 4 to character count 41
0:00:00:21 - Trying length 4, fixed @3, character count 41
0:00:00:21 - Switching to length 3
0:00:00:21 - Expanding tables for length 3 to character count 67
0:00:00:21 - Trying length 3, fixed @3, character count 67
0:00:00:21 - Switching to length 7
0:00:00:21 - Expanding tables for length 7 to character count 18
0:00:00:21 - Trying length 7, fixed @3, character count 17
0:00:00:21 - Switching to length 6
0:00:00:21 - Expanding tables for length 6 to character count 28
0:00:00:21 - Trying length 6, fixed @5, character count 23
0:00:00:21 - Switching to length 5
0:00:00:21 - Expanding tables for length 5 to character count 33
0:00:00:21 - Trying length 5, fixed @2, character count 29
0:00:00:21 - Switching to length 6
0:00:00:21 - Expanding tables for length 6 to character count 29
0:00:00:21 - Trying length 6, fixed @4, character count 29
0:00:00:21 - Switching to length 4
0:00:00:21 - Expanding tables for length 4 to character count 41
0:00:00:21 - Trying length 4, fixed @2, character count 39
0:00:00:21 - Switching to length 7
0:00:00:21 - Expanding tables for length 7 to character count 18
0:00:00:21 - Trying length 7, fixed @7, character count 18
0:00:00:22 - Switching to length 5
0:00:00:22 - Expanding tables for length 5 to character count 33
0:00:00:22 - Trying length 5, fixed @2, character count 30
0:00:00:22 - Switching to length 6
0:00:00:22 - Expanding tables for length 6 to character count 29
0:00:00:22 - Trying length 6, fixed @5, character count 24
0:00:00:22 - Switching to length 3
0:00:00:22 - Expanding tables for length 3 to character count 67
0:00:00:22 - Trying length 3, fixed @2, character count 65
0:00:00:22 - Switching to length 5
0:00:00:22 - Expanding tables for length 5 to character count 33
0:00:00:22 - Trying length 5, fixed @4, character count 32
0:00:00:22 - Switching to length 7
0:00:00:22 - Expanding tables for length 7 to character count 18
0:00:00:22 - Trying length 7, fixed @6, character count 17
0:00:00:22 - Switching to length 5
0:00:00:22 - Expanding tables for length 5 to character count 33
0:00:00:22 - Trying length 5, fixed @3, character count 32
0:00:00:22 - Switching to length 3
0:00:00:22 - Expanding tables for length 3 to character count 67
0:00:00:22 - Trying length 3, fixed @1, character count 63
0:00:00:22 - Switching to length 4
0:00:00:22 - Expanding tables for length 4 to character count 41
0:00:00:22 - Trying length 4, fixed @4, character count 41
0:00:00:22 - Switching to length 7
0:00:00:22 - Expanding tables for length 7 to character count 18
0:00:00:22 - Trying length 7, fixed @4, character count 18
0:00:00:23 - Switching to length 3
0:00:00:23 - Expanding tables for length 3 to character count 67
0:00:00:23 - Trying length 3, fixed @1, character count 64
0:00:00:23 - Switching to length 6
0:00:00:23 - Expanding tables for length 6 to character count 29
0:00:00:23 - Trying length 6, fixed @6, character count 22
0:00:00:23 - Trying length 6, fixed @2, character count 22
0:00:00:23 - Switching to length 4
0:00:00:23 - Expanding tables for length 4 to character count 41
0:00:00:23 - Trying length 4, fixed @1, character count 40
0:00:00:23 - Switching to length 6
0:00:00:23 - Expanding tables for length 6 to character count 29
0:00:00:23 - Trying length 6, fixed @1, character count 23
0:00:00:23 - Switching to length 7
0:00:00:23 - Expanding tables for length 7 to character count 18
0:00:00:23 - Trying length 7, fixed @3, character count 18
0:00:00:23 - Switching to length 5
0:00:00:23 - Expanding tables for length 5 to character count 33
0:00:00:23 - Trying length 5, fixed @5, character count 28
0:00:00:23 - Switching to length 4
0:00:00:23 - Expanding tables for length 4 to character count 41
0:00:00:23 - Trying length 4, fixed @2, character count 40
0:00:00:23 - Switching to length 6
0:00:00:23 - Expanding tables for length 6 to character count 29
0:00:00:23 - Trying length 6, fixed @3, character count 24
0:00:00:23 - Trying length 6, fixed @5, character count 25
0:00:00:23 - Switching to length 7
0:00:00:23 - Expanding tables for length 7 to character count 18
0:00:00:23 - Trying length 7, fixed @2, character count 15
0:00:00:24 - Trying length 7, fixed @5, character count 18
0:00:00:24 - Expanding tables for length 7 to character count 19
0:00:00:24 - Trying length 7, fixed @1, character count 19
0:00:00:24 - Switching to length 4
0:00:00:24 - Expanding tables for length 4 to character count 42
0:00:00:24 - Trying length 4, fixed @4, character count 42
0:00:00:24 - Switching to length 3
0:00:00:24 - Expanding tables for length 3 to character count 68
0:00:00:24 - Trying length 3, fixed @3, character count 68
0:00:00:24 - Switching to length 6
0:00:00:24 - Expanding tables for length 6 to character count 29
0:00:00:24 - Trying length 6, fixed @2, character count 23
0:00:00:25 - Switching to length 4
0:00:00:25 - Expanding tables for length 4 to character count 43
0:00:00:25 - Trying length 4, fixed @4, character count 43
0:00:00:25 - Switching to length 6
0:00:00:25 - Expanding tables for length 6 to character count 29
0:00:00:25 - Trying length 6, fixed @5, character count 26
0:00:00:25 - Switching to length 7
0:00:00:25 - Expanding tables for length 7 to character count 19
0:00:00:25 - Trying length 7, fixed @7, character count 19
0:00:00:25 - Switching to length 2
0:00:00:25 - Expanding tables for length 2 to character count 85
0:00:00:25 - Trying length 2, fixed @1, character count 85
0:00:00:25 - Expanding tables for length 2 to character count 86
0:00:00:25 - Trying length 2, fixed @1, character count 86
0:00:00:25 - Switching to length 5
0:00:00:25 - Expanding tables for length 5 to character count 33
0:00:00:25 - Trying length 5, fixed @5, character count 29
0:00:00:25 - Switching to length 4
0:00:00:25 - Expanding tables for length 4 to character count 44
0:00:00:25 - Trying length 4, fixed @4, character count 44
0:00:00:25 - Switching to length 2
0:00:00:25 - Expanding tables for length 2 to character count 86
0:00:00:25 - Trying length 2, fixed @2, character count 86
0:00:00:25 - Expanding tables for length 2 to character count 87
0:00:00:25 - Trying length 2, fixed @2, character count 87
0:00:00:25 - Expanding tables for length 2 to character count 88
0:00:00:25 - Trying length 2, fixed @2, character count 88
0:00:00:25 - Expanding tables for length 2 to character count 89
0:00:00:25 - Trying length 2, fixed @2, character count 89
0:00:00:25 - Expanding tables for length 2 to character count 90
0:00:00:25 - Trying length 2, fixed @2, character count 90
0:00:00:25 - Expanding tables for length 2 to character count 91
0:00:00:25 - Trying length 2, fixed @2, character count 91
0:00:00:25 - Expanding tables for length 2 to character count 92
0:00:00:25 - Trying length 2, fixed @2, character count 92
0:00:00:25 - Expanding tables for length 2 to character count 93
0:00:00:25 - Trying length 2, fixed @2, character count 93
0:00:00:25 - Expanding tables for length 2 to character count 94
0:00:00:25 - Trying length 2, fixed @2, character count 94
0:00:00:25 - Expanding tables for length 2 to character count 95
0:00:00:25 - Trying length 2, fixed @2, character count 95
0:00:00:25 - Expanding tables for length 2 to character count 96
0:00:00:25 - Trying length 2, fixed @2, character count 96
0:00:00:25 - Expanding tables for length 2 to character count 97
0:00:00:25 - Trying length 2, fixed @2, character count 97
0:00:00:25 - Switching to length 5
0:00:00:25 - Expanding tables for length 5 to character count 33
0:00:00:25 - Trying length 5, fixed @3, character count 33
0:00:00:25 - Switching to length 3
0:00:00:25 - Expanding tables for length 3 to character count 68
0:00:00:25 - Trying length 3, fixed @1, character count 65
0:00:00:25 - Trying length 3, fixed @2, character count 66
0:00:00:25 - Switching to length 5
0:00:00:25 - Expanding tables for length 5 to character count 34
0:00:00:25 - Trying length 5, fixed @3, character count 34
0:00:00:25 - Switching to length 7
0:00:00:25 - Expanding tables for length 7 to character count 19
0:00:00:25 - Trying length 7, fixed @6, character count 18
0:00:00:26 - Switching to length 6
0:00:00:26 - Expanding tables for length 6 to character count 29
0:00:00:26 - Trying length 6, fixed @6, character count 23
0:00:00:26 - Switching to length 5
0:00:00:26 - Expanding tables for length 5 to character count 34
0:00:00:26 - Trying length 5, fixed @1, character count 34
0:00:00:26 - Switching to length 4
0:00:00:26 - Expanding tables for length 4 to character count 44
0:00:00:26 - Trying length 4, fixed @2, character count 41
0:00:00:26 - Expanding tables for length 4 to character count 45
0:00:00:26 - Trying length 4, fixed @4, character count 45
0:00:00:26 - Switching to length 6
0:00:00:26 - Expanding tables for length 6 to character count 29
0:00:00:26 - Trying length 6, fixed @3, character count 25
0:00:00:26 - Switching to length 7
0:00:00:26 - Expanding tables for length 7 to character count 19
0:00:00:26 - Trying length 7, fixed @4, character count 19
0:00:00:27 - Switching to length 6
0:00:00:27 - Expanding tables for length 6 to character count 30
0:00:00:27 - Trying length 6, fixed @4, character count 30
0:00:00:27 - Switching to length 4
0:00:00:27 - Expanding tables for length 4 to character count 46
0:00:00:27 - Trying length 4, fixed @4, character count 46
0:00:00:27 - Switching to length 5
0:00:00:27 - Expanding tables for length 5 to character count 35
0:00:00:27 - Trying length 5, fixed @3, character count 35
0:00:00:27 - Switching to length 6
0:00:00:27 - Expanding tables for length 6 to character count 30
0:00:00:27 - Trying length 6, fixed @1, character count 24
0:00:00:27 - Switching to length 3
0:00:00:27 - Expanding tables for length 3 to character count 69
0:00:00:27 - Trying length 3, fixed @3, character count 69
0:00:00:27 - Switching to length 7
0:00:00:27 - Expanding tables for length 7 to character count 19
0:00:00:27 - Trying length 7, fixed @6, character count 19
0:00:00:27 - Switching to length 6
0:00:00:27 - Expanding tables for length 6 to character count 30
0:00:00:27 - Trying length 6, fixed @3, character count 26
0:00:00:28 - Switching to length 7
0:00:00:28 - Expanding tables for length 7 to character count 19
0:00:00:28 - Trying length 7, fixed @3, character count 19
0:00:00:28 - Switching to length 5
0:00:00:28 - Expanding tables for length 5 to character count 35
0:00:00:28 - Trying length 5, fixed @2, character count 31
0:00:00:28 - Switching to length 4
0:00:00:28 - Expanding tables for length 4 to character count 46
0:00:00:28 - Trying length 4, fixed @2, character count 42
0:00:00:28 - Switching to length 7
0:00:00:28 - Expanding tables for length 7 to character count 20
0:00:00:28 - Trying length 7, fixed @7, character count 20
0:00:00:29 - Trying length 7, fixed @4, character count 20
0:00:00:29 - Switching to length 6
0:00:00:29 - Expanding tables for length 6 to character count 30
0:00:00:29 - Trying length 6, fixed @1, character count 25
0:00:00:29 - Trying length 6, fixed @3, character count 27
0:00:00:29 - Trying length 6, fixed @3, character count 28
0:00:00:29 - Switching to length 5
0:00:00:29 - Expanding tables for length 5 to character count 35
0:00:00:29 - Trying length 5, fixed @4, character count 33
0:00:00:29 - Switching to length 4
0:00:00:29 - Expanding tables for length 4 to character count 47
0:00:00:29 - Trying length 4, fixed @4, character count 47
0:00:00:29 - Switching to length 6
0:00:00:29 - Expanding tables for length 6 to character count 30
0:00:00:29 - Trying length 6, fixed @3, character count 29
0:00:00:30 - Switching to length 7
0:00:00:30 - Expanding tables for length 7 to character count 20
0:00:00:30 - Trying length 7, fixed @2, character count 16
0:00:00:30 - Trying length 7, fixed @5, character count 19
0:00:00:31 - Switching to length 5
0:00:00:31 - Expanding tables for length 5 to character count 35
0:00:00:31 - Trying length 5, fixed @5, character count 30
0:00:00:31 - Switching to length 4
0:00:00:31 - Expanding tables for length 4 to character count 47
0:00:00:31 - Trying length 4, fixed @2, character count 43
0:00:00:31 - Switching to length 5
0:00:00:31 - Expanding tables for length 5 to character count 35
0:00:00:31 - Trying length 5, fixed @4, character count 34
0:00:00:31 - Switching to length 7
0:00:00:31 - Expanding tables for length 7 to character count 20
0:00:00:31 - Trying length 7, fixed @1, character count 20
0:00:00:31 - Switching to length 4
0:00:00:31 - Expanding tables for length 4 to character count 47
0:00:00:31 - Trying length 4, fixed @2, character count 44
0:00:00:31 - Switching to length 6
0:00:00:31 - Expanding tables for length 6 to character count 30
0:00:00:31 - Trying length 6, fixed @1, character count 26
0:00:00:31 - Switching to length 4
0:00:00:32 - Expanding tables for length 4 to character count 48
0:00:00:32 - Trying length 4, fixed @4, character count 48
0:00:00:32 - Expanding tables for length 4 to character count 49
0:00:00:32 - Trying length 4, fixed @4, character count 49
0:00:00:32 - Switching to length 5
0:00:00:32 - Expanding tables for length 5 to character count 35
0:00:00:32 - Trying length 5, fixed @5, character count 31
0:00:00:32 - Switching to length 7
0:00:00:32 - Expanding tables for length 7 to character count 20
0:00:00:32 - Trying length 7, fixed @6, character count 20
0:00:00:32 - Switching to length 3
0:00:00:32 - Expanding tables for length 3 to character count 69
0:00:00:32 - Trying length 3, fixed @2, character count 67
0:00:00:32 - Switching to length 6
0:00:00:32 - Expanding tables for length 6 to character count 30
0:00:00:32 - Trying length 6, fixed @6, character count 24
0:00:00:32 - Switching to length 5
0:00:00:32 - Expanding tables for length 5 to character count 35
0:00:00:32 - Trying length 5, fixed @2, character count 32
0:00:00:32 - Switching to length 6
0:00:00:32 - Expanding tables for length 6 to character count 30
0:00:00:32 - Trying length 6, fixed @3, character count 30
0:00:00:33 - Switching to length 7
0:00:00:33 - Expanding tables for length 7 to character count 20
0:00:00:33 - Trying length 7, fixed @3, character count 20
0:00:00:33 - Expanding tables for length 7 to character count 21
0:00:00:33 - Trying length 7, fixed @7, character count 21
0:00:00:34 - Switching to length 6
0:00:00:34 - Expanding tables for length 6 to character count 30
0:00:00:34 - Trying length 6, fixed @2, character count 24
0:00:00:34 - Switching to length 4
0:00:00:34 - Expanding tables for length 4 to character count 49
0:00:00:34 - Trying length 4, fixed @3, character count 42
0:00:00:34 - Switching to length 3
0:00:00:34 - Expanding tables for length 3 to character count 69
0:00:00:34 - Trying length 3, fixed @1, character count 66
0:00:00:34 - Switching to length 6
0:00:00:34 - Expanding tables for length 6 to character count 30
0:00:00:34 - Trying length 6, fixed @1, character count 27
0:00:00:34 - Switching to length 7
0:00:00:34 - Expanding tables for length 7 to character count 21
0:00:00:34 - Trying length 7, fixed @5, character count 20
0:00:00:35 - Trying length 7, fixed @1, character count 21
0:00:00:35 - Switching to length 5
0:00:00:36 - Expanding tables for length 5 to character count 35
0:00:00:36 - Trying length 5, fixed @2, character count 33
0:00:00:36 - Switching to length 6
0:00:00:36 - Expanding tables for length 6 to character count 30
0:00:00:36 - Trying length 6, fixed @1, character count 28
0:00:00:36 - Switching to length 4
0:00:00:36 - Expanding tables for length 4 to character count 49
0:00:00:36 - Trying length 4, fixed @1, character count 41
0:00:00:36 - Switching to length 7
0:00:00:36 - Expanding tables for length 7 to character count 21
0:00:00:36 - Trying length 7, fixed @6, character count 21
0:00:00:36 - Switching to length 6
0:00:00:36 - Expanding tables for length 6 to character count 30
0:00:00:36 - Trying length 6, fixed @1, character count 29
0:00:00:37 - Switching to length 4
0:00:00:37 - Expanding tables for length 4 to character count 49
0:00:00:37 - Trying length 4, fixed @3, character count 43
0:00:00:37 - Trying length 4, fixed @2, character count 45
0:00:00:37 - Switching to length 3
0:00:00:37 - Expanding tables for length 3 to character count 70
0:00:00:37 - Trying length 3, fixed @3, character count 70
0:00:00:37 - Switching to length 7
0:00:00:37 - Expanding tables for length 7 to character count 21
0:00:00:37 - Trying length 7, fixed @4, character count 21
0:00:00:37 - Switching to length 6
0:00:00:37 - Expanding tables for length 6 to character count 30
0:00:00:37 - Trying length 6, fixed @2, character count 25
0:00:00:38 - Switching to length 5
0:00:00:38 - Expanding tables for length 5 to character count 35
0:00:00:38 - Trying length 5, fixed @4, character count 35
0:00:00:38 - Switching to length 4
0:00:00:38 - Expanding tables for length 4 to character count 49
0:00:00:38 - Trying length 4, fixed @1, character count 42
0:00:00:38 - Trying length 4, fixed @3, character count 44
0:00:00:38 - Trying length 4, fixed @2, character count 46
0:00:00:38 - Switching to length 5
0:00:00:38 - Expanding tables for length 5 to character count 35
0:00:00:38 - Trying length 5, fixed @2, character count 34
0:00:00:38 - Switching to length 7
0:00:00:38 - Expanding tables for length 7 to character count 21
0:00:00:38 - Trying length 7, fixed @2, character count 17
0:00:00:39 - Switching to length 6
0:00:00:39 - Expanding tables for length 6 to character count 30
0:00:00:39 - Trying length 6, fixed @6, character count 25
0:00:00:39 - Trying length 6, fixed @2, character count 26
0:00:00:39 - Trying length 6, fixed @1, character count 30
0:00:00:39 - Switching to length 3
0:00:00:39 - Expanding tables for length 3 to character count 70
0:00:00:39 - Trying length 3, fixed @1, character count 67
0:00:00:39 - Expanding tables for length 3 to character count 71
0:00:00:39 - Trying length 3, fixed @3, character count 71
0:00:00:39 - Switching to length 7
0:00:00:39 - Expanding tables for length 7 to character count 22
0:00:00:39 - Trying length 7, fixed @6, character count 22
0:00:00:40 - Trying length 7, fixed @4, character count 22
0:00:00:41 - Switching to length 5
0:00:00:41 - Expanding tables for length 5 to character count 35
0:00:00:41 - Trying length 5, fixed @1, character count 35
0:00:00:41 - Switching to length 4
0:00:00:41 - Expanding tables for length 4 to character count 50
0:00:00:41 - Trying length 4, fixed @4, character count 50
0:00:00:41 - Switching to length 6
0:00:00:41 - Expanding tables for length 6 to character count 31
0:00:00:41 - Trying length 6, fixed @1, character count 31
0:00:00:41 - Switching to length 7
0:00:00:41 - Expanding tables for length 7 to character count 22
0:00:00:41 - Trying length 7, fixed @5, character count 21
0:00:00:42 - Switching to length 4
0:00:00:42 - Expanding tables for length 4 to character count 51
0:00:00:42 - Trying length 4, fixed @4, character count 51
0:00:00:42 - Switching to length 5
0:00:00:42 - Expanding tables for length 5 to character count 35
0:00:00:42 - Trying length 5, fixed @5, character count 32
0:00:00:42 - Switching to length 6
0:00:00:42 - Expanding tables for length 6 to character count 31
0:00:00:42 - Trying length 6, fixed @2, character count 27
0:00:00:42 - Switching to length 7
0:00:00:42 - Expanding tables for length 7 to character count 22
0:00:00:42 - Trying length 7, fixed @3, character count 21
0:00:00:43 - Switching to length 4
0:00:00:43 - Expanding tables for length 4 to character count 52
0:00:00:43 - Trying length 4, fixed @4, character count 52
0:00:00:43 - Trying length 4, fixed @3, character count 45
0:00:00:43 - Switching to length 7
0:00:00:43 - Expanding tables for length 7 to character count 22
0:00:00:43 - Trying length 7, fixed @2, character count 18
0:00:00:44 - Trying length 7, fixed @7, character count 22
0:00:00:45 - Switching to length 5
0:00:00:45 - Expanding tables for length 5 to character count 36
0:00:00:45 - Trying length 5, fixed @1, character count 36
0:00:00:45 - Switching to length 7
0:00:00:45 - Expanding tables for length 7 to character count 23
0:00:00:45 - Trying length 7, fixed @4, character count 23
0:00:00:45 Session aborted
0:00:00:00 Starting a new session
0:00:00:00 Loaded a total of 1 password hash
0:00:00:00 Command line: run/john-avx2-non-omp --format=LM --incremental=ASCII hashes.txt 
0:00:00:00 - UTF-8 input encoding enabled
0:00:00:00 - Passwords will be stored UTF-8 encoded in .pot file
0:00:00:00 - Target encoding: CP850
0:00:00:00 - Rules/masks using CP850
0:00:00:00 - Hash type: LM (min-len 0, max-len 7, longer passwords split)
0:00:00:00 - Algorithm: DES 256/256 AVX2
0:00:00:00 - Configured to use otherwise idle processor cycles only
0:00:00:00 - Candidate passwords will be buffered and tried in chunks of 256
0:00:00:00 Proceeding with "incremental" mode: ASCII
0:00:00:00 ! MaxLen = 13 is too large for this hash type
0:00:00:00 - Lengths 0 to 7, up to 95 different characters
0:00:00:00 ! Mixed-case charset, but the hash type is case-insensitive
0:00:00:00 - No stacked rules
0:00:00:00 - Switching to length 6
0:00:00:00 - Expanding tables for length 6 to character count 1
0:00:00:00 - Trying length 6, fixed @1, character count 1
0:00:00:00 - Switching to length 5
0:00:00:00 - Expanding tables for length 5 to character count 1
0:00:00:00 - Trying length 5, fixed @1, character count 1
0:00:00:00 - Switching to length 6
0:00:00:00 - Expanding tables for length 6 to character count 2
0:00:00:00 - Trying length 6, fixed @2, character count 2
0:00:00:00 - Trying length 6, fixed @6, character count 2
0:00:00:00 - Switching to length 5
0:00:00:00 - Expanding tables for length 5 to character count 2
0:00:00:00 - Trying length 5, fixed @5, character count 2
0:00:00:00 - Switching to length 6
0:00:00:00 - Expanding tables for length 6 to character count 2
0:00:00:00 - Trying length 6, fixed @3, character count 2
0:00:00:00 - Trying length 6, fixed @4, character count 2
0:00:00:00 - Switching to length 5
0:00:00:00 - Expanding tables for length 5 to character count 2
0:00:00:00 - Trying length 5, fixed @2, character count 2
0:00:00:00 - Switching to length 7
0:00:00:00 - Expanding tables for length 7 to character count 1
0:00:00:00 - Trying length 7, fixed @1, character count 1
0:00:00:00 - Switching to length 5
0:00:00:00 - Expanding tables for length 5 to character count 2
0:00:00:00 - Trying length 5, fixed @4, character count 2
0:00:00:00 - Switching to length 6
0:00:00:00 - Expanding tables for length 6 to character count 2
0:00:00:00 - Trying length 6, fixed @1, character count 2
0:00:00:00 - Switching to length 5
0:00:00:00 - Expanding tables for length 5 to character count 2
0:00:00:00 - Trying length 5, fixed @3, character count 2
0:00:00:00 - Switching to length 6
0:00:00:00 - Expanding tables for length 6 to character count 2
0:00:00:00 - Trying length 6, fixed @5, character count 2
0:00:00:00 - Switching to length 4
0:00:00:00 - Expanding tables for length 4 to character count 1
0:00:00:00 - Trying length 4, fixed @1, character count 1
0:00:00:00 - Switching to length 5
0:00:00:00 - Expanding tables for length 5 to character count 2
0:00:00:00 - Trying length 5, fixed @1, character count 2
0:00:00:00 - Expanding tables for length 5 to character count 3
0:00:00:00 - Trying length 5, fixed @2, character count 3
0:00:00:00 - Switching to length 6
0:00:00:00 - Expanding tables for length 6 to character count 3
0:00:00:00 - Trying length 6, fixed @2, character count 3
0:00:00:00 - Switching to length 4
0:00:00:00 - Expanding tables for length 4 to character count 2
0:00:00:00 - Trying length 4, fixed @2, character count 2
0:00:00:00 - Switching to length 6
0:00:00:00 - Expanding tables for length 6 to character count 3
0:00:00:00 - Trying length 6, fixed @6, character count 3
0:00:00:00 - Switching to length 7
0:00:00:00 - Expanding tables for length 7 to character count 2
0:00:00:00 - Trying length 7, fixed @2, character count 2
0:00:00:00 - Switching to length 6
0:00:00:00 - Expanding tables for length 6 to character count 3
0:00:00:00 - Trying length 6, fixed @3, character count 3
0:00:00:00 - Switching to length 5
0:00:00:00 - Expanding tables for length 5 to character count 3
0:00:00:00 - Trying length 5, fixed @5, character count 3
0:00:00:00 - Switching to length 7
0:00:00:00 - Expanding tables for length 7 to character count 2
0:00:00:00 - Trying length 7, fixed @5, character count 2
0:00:00:00 - Switching to length 5
0:00:00:00 - Expanding tables for length 5 to character count 3
0:00:00:00 - Trying length 5, fixed @3, character count 3
0:00:00:00 - Switching to length 6
0:00:00:00 - Expanding tables for length 6 to character count 3
0:00:00:00 - Trying length 6, fixed @1, character count 3
0:00:00:00 - Trying length 6, fixed @4, character count 3
0:00:00:00 - Switching to length 7
0:00:00:00 - Expanding tables for length 7 to character count 2
0:00:00:00 - Trying length 7, fixed @3, character count 2
0:00:00:00 - Switching to length 5
0:00:00:00 - Expanding tables for length 5 to character count 3
0:00:00:00 - Trying length 5, fixed @4, character count 3
0:00:00:00 - Switching to length 6
0:00:00:00 - Expanding tables for length 6 to character count 3
0:00:00:00 - Trying length 6, fixed @5, character count 3
0:00:00:00 - Switching to length 4
0:00:00:00 - Expanding tables for length 4 to character count 2
0:00:00:00 - Trying length 4, fixed @1, character count 2
0:00:00:00 - Switching to length 5
0:00:00:00 - Expanding tables for length 5 to character count 3
0:00:00:00 - Trying length 5, fixed @1, character count 3
0:00:00:00 - Switching to length 7
0:00:00:00 - Expanding tables for length 7 to character count 2
0:00:00:00 - Trying length 7, fixed @7, character count 2
0:00:00:00 - Trying length 7, fixed @4, character count 2
0:00:00:00 - Switching to length 5
0:00:00:00 - Expanding tables for length 5 to character count 4
0:00:00:00 - Trying length 5, fixed @2, character count 4
0:00:00:00 - Switching to length 7
0:00:00:00 - Expanding tables for length 7 to character count 2
0:00:00:00 - Trying length 7, fixed @1, character count 2
0:00:00:00 - Switching to length 6
0:00:00:00 - Expanding tables for length 6 to character count 4
0:00:00:00 - Trying length 6, fixed @6, character count 4
0:00:00:00 - Switching to length 2
0:00:00:00 - Expanding tables for length 2 to character count 1
0:00:00:00 - Trying length 2, fixed @1, character count 1
0:00:00:00 - Switching to length 5
0:00:00:00 - Expanding tables for length 5 to character count 4
0:00:00:00 - Trying length 5, fixed @5, character count 4
0:00:00:00 - Switching to length 4
0:00:00:00 - Expanding tables for length 4 to character count 2
0:00:00:00 - Trying length 4, fixed @4, character count 2
0:00:00:00 - Switching to length 7
0:00:00:00 - Expanding tables for length 7 to character count 2
0:00:00:00 - Trying length 7, fixed @6, character count 2
0:00:00:00 - Switching to length 5
0:00:00:00 - Expanding tables for length 5 to character count 4
0:00:00:00 - Trying length 5, fixed @3, character count 4
0:00:00:00 - Switching to length 6
0:00:00:00 - Expanding tables for length 6 to character count 4
0:00:00:00 - Trying length 6, fixed @2, character count 4
0:00:00:00 - Switching to length 5
0:00:00:00 - Expanding tables for length 5 to character count 5
0:00:00:00 - Trying length 5, fixed @2, character count 5
0:00:00:00 - Switching to length 6
0:00:00:01 - Expanding tables for length 6 to character count 5
0:00:00:01 - Trying length 6, fixed @2, character count 5
0:00:00:01 - Switching to length 4
0:00:00:01 - Expanding tables for length 4 to character count 2
0:00:00:01 - Trying length 4, fixed @3, character count 2
0:00:00:01 - Expanding tables for length 4 to character count 3
0:00:00:01 - Trying length 4, fixed @2, character count 3
0:00:00:01 - Switching to length 5
0:00:00:01 - Expanding tables for length 5 to character count 5
0:00:00:01 - Trying length 5, fixed @4, character count 4
0:00:00:01 - Trying length 5, fixed @5, character count 5
0:00:00:01 - Switching to length 6
0:00:00:01 - Expanding tables for length 6 to character count 5
0:00:00:01 - Trying length 6, fixed @1, character count 4
0:00:00:01 - Trying length 6, fixed @3, character count 4
0:00:00:01 - Switching to length 5
0:00:00:01 - Expanding tables for length 5 to character count 5
0:00:00:01 - Trying length 5, fixed @3, character count 5
0:00:00:01 - Switching to length 6
0:00:00:01 - Expanding tables for length 6 to character count 5
0:00:00:01 - Trying length 6, fixed @5, character count 4
0:00:00:01 - Trying length 6, fixed @5, character count 5
0:00:00:01 - Trying length 6, fixed @3, character count 5
0:00:00:01 - Switching to length 5
0:00:00:01 - Expanding tables for length 5 to character count 5
0:00:00:01 - Trying length 5, fixed @1, character count 4
0:00:00:01 - Switching to length 2
0:00:00:01 - Expanding tables for length 2 to character count 2
0:00:00:01 - Trying length 2, fixed @2, character count 2
0:00:00:01 - Switching to length 5
0:00:00:01 - Expanding tables for length 5 to character count 5
0:00:00:01 - Trying length 5, fixed @4, character count 5
0:00:00:01 - Trying length 5, fixed @1, character count 5
0:00:00:01 - Switching to length 7
0:00:00:01 - Expanding tables for length 7 to character count 3
0:00:00:01 - Trying length 7, fixed @2, character count 3
0:00:00:01 - Switching to length 3
0:00:00:01 - Expanding tables for length 3 to character count 1
0:00:00:01 - Trying length 3, fixed @1, character count 1
0:00:00:01 - Expanding tables for length 3 to character count 2
0:00:00:01 - Trying length 3, fixed @2, character count 2
0:00:00:01 - Switching to length 4
0:00:00:01 - Expanding tables for length 4 to character count 3
0:00:00:01 - Trying length 4, fixed @4, character count 3
0:00:00:01 - Switching to length 6
0:00:00:01 - Expanding tables for length 6 to character count 5
0:00:00:01 - Trying length 6, fixed @4, character count 4
0:00:00:01 - Trying length 6, fixed @1, character count 5
0:00:00:01 - Trying length 6, fixed @6, character count 5
0:00:00:01 - Switching to length 7
0:00:00:01 - Expanding tables for length 7 to character count 3
0:00:00:01 - Trying length 7, fixed @5, character count 3
0:00:00:01 - Trying length 7, fixed @3, character count 3
0:00:00:01 - Switching to length 4
0:00:00:01 - Expanding tables for length 4 to character count 3
0:00:00:01 - Trying length 4, fixed @1, character count 3
0:00:00:01 - Switching to length 5
0:00:00:01 - Expanding tables for length 5 to character count 6
0:00:00:01 - Trying length 5, fixed @5, character count 6
0:00:00:01 - Switching to length 6
0:00:00:01 - Expanding tables for length 6 to character count 5
0:00:00:01 - Trying length 6, fixed @4, character count 5
0:00:00:01 - Switching to length 5
0:00:00:01 - Expanding tables for length 5 to character count 6
0:00:00:01 - Trying length 5, fixed @3, character count 6
0:00:00:01 - Switching to length 7
0:00:00:01 - Expanding tables for length 7 to character count 3
0:00:00:01 - Trying length 7, fixed @4, character count 3
0:00:00:01 - Trying length 7, fixed @6, character count 3
0:00:00:01 - Switching to length 4
0:00:00:01 - Expanding tables for length 4 to character count 3
0:00:00:01 - Trying length 4, fixed @3, character count 3
0:00:00:01 - Switching to length 3
0:00:00:01 - Expanding tables for length 3 to character count 2
0:00:00:01 - Trying length 3, fixed @1, character count 2
0:00:00:01 - Switching to length 4
0:00:00:01 - Expanding tables for length 4 to character count 4
0:00:00:01 - Trying length 4, fixed @2, character count 4
0:00:00:01 - Switching to length 7
0:00:00:01 - Expanding tables for length 7 to character count 3
0:00:00:01 - Trying length 7, fixed @1, character count 3
0:00:00:01 - Switching to length 5
0:00:00:01 - Expanding tables for length 5 to character count 6
0:00:00:01 - Trying length 5, fixed @2, character count 6
0:00:00:01 - Switching to length 6
0:00:00:01 - Expanding tables for length 6 to character count 6
0:00:00:01 - Trying length 6, fixed @5, character count 6
0:00:00:01 - Switching to length 1
0:00:00:01 - Expanding tables for length 1 to character count 1
0:00:00:01 - Trying length 1, fixed @1, character count 1
0:00:00:01 - Switching to length 3
0:00:00:01 - Expanding tables for length 3 to character count 3
0:00:00:01 - Trying length 3, fixed @2, character count 3
0:00:00:01 - Switching to length 5
0:00:00:01 - Expanding tables for length 5 to character count 6
0:00:00:01 - Trying length 5, fixed @4, character count 6
0:00:00:01 - Trying length 5, fixed @1, character count 6
0:00:00:01 - Switching to length 2
0:00:00:01 - Expanding tables for length 2 to character count 2
0:00:00:01 - Trying length 2, fixed @1, character count 2
0:00:00:01 - Switching to length 6
0:00:00:01 - Expanding tables for length 6 to character count 6
0:00:00:01 - Trying length 6, fixed @3, character count 6
0:00:00:01 - Switching to length 2
0:00:00:01 - Expanding tables for length 2 to character count 3
0:00:00:01 - Trying length 2, fixed @2, character count 3
0:00:00:01 - Switching to length 6
0:00:00:01 - Expanding tables for length 6 to character count 6
0:00:00:01 - Trying length 6, fixed @6, character count 6
0:00:00:01 - Switching to length 7
0:00:00:01 - Expanding tables for length 7 to character count 3
0:00:00:01 - Trying length 7, fixed @7, character count 3
0:00:00:01 - Switching to length 4
0:00:00:01 - Expanding tables for length 4 to character count 5
0:00:00:01 - Trying length 4, fixed @2, character count 5
0:00:00:01 - Switching to length 2
0:00:00:01 - Expanding tables for length 2 to character count 4
0:00:00:01 - Trying length 2, fixed @2, character count 4
0:00:00:01 - Switching to length 3
0:00:00:01 - Expanding tables for length 3 to character count 3
0:00:00:01 - Trying length 3, fixed @3, character count 2
0:00:00:01 - Switching to length 5
0:00:00:01 - Expanding tables for length 5 to character count 7
0:00:00:01 - Trying length 5, fixed @5, character count 7
0:00:00:01 - Switching to length 3
0:00:00:01 - Expanding tables for length 3 to character count 3
0:00:00:01 - Trying length 3, fixed @1, character count 3
0:00:00:01 - Switching to length 6
0:00:00:01 - Expanding tables for length 6 to character count 6
0:00:00:01 - Trying length 6, fixed @2, character count 6
0:00:00:01 - Switching to length 5
0:00:00:01 - Expanding tables for length 5 to character count 7
0:00:00:01 - Trying length 5, fixed @1, character count 7
0:00:00:01 - Switching to length 6
0:00:00:01 - Expanding tables for length 6 to character count 6
0:00:00:01 - Trying length 6, fixed @1, character count 6
0:00:00:01 - Switching to length 4
0:00:00:01 - Expanding tables for length 4 to character count 5
0:00:00:01 - Trying length 4, fixed @1, character count 4
0:00:00:01 - Trying length 4, fixed @3, character count 4
0:00:00:01 - Trying length 4, fixed @1, character count 5
0:00:00:01 - Switching to length 3
0:00:00:01 - Expanding tables for length 3 to character count 3
0:00:00:01 - Trying length 3, fixed @3, character count 3
0:00:00:01 - Switching to length 6
0:00:00:01 - Expanding tables for length 6 to character count 6
0:00:00:01 - Trying length 6, fixed @4, character count 6
0:00:00:01 - Switching to length 4
0:00:00:01 - Expanding tables for length 4 to character count 5
0:00:00:01 - Trying length 4, fixed @3, character count 5
0:00:00:01 - Switching to length 3
0:00:00:01 - Expanding tables for length 3 to character count 4
0:00:00:01 - Trying length 3, fixed @1, character count 4
0:00:00:01 - Switching to length 5
0:00:00:01 - Expanding tables for length 5 to character count 7
0:00:00:01 - Trying length 5, fixed @3, character count 7
0:00:00:01 - Switching to length 7
0:00:00:01 - Expanding tables for length 7 to character count 4
0:00:00:01 - Trying length 7, fixed @2, character count 4
0:00:00:01 - Switching to length 6
0:00:00:01 - Expanding tables for length 6 to character count 7
0:00:00:01 - Trying length 6, fixed @5, character count 7
0:00:00:01 - Switching to length 2
0:00:00:01 - Expanding tables for length 2 to character count 4
0:00:00:01 - Trying length 2, fixed @1, character count 3
0:00:00:01 - Switching to length 5
0:00:00:01 - Expanding tables for length 5 to character count 8
0:00:00:01 - Trying length 5, fixed @1, character count 8
0:00:00:01 - Switching to length 3
0:00:00:01 - Expanding tables for length 3 to character count 4
0:00:00:01 - Trying length 3, fixed @2, character count 4
0:00:00:01 - Switching to length 4
0:00:00:01 - Expanding tables for length 4 to character count 5
0:00:00:01 - Trying length 4, fixed @4, character count 4
0:00:00:01 - Switching to length 6
0:00:00:01 - Expanding tables for length 6 to character count 7
0:00:00:01 - Trying length 6, fixed @6, character count 7
0:00:00:01 - Switching to length 5
0:00:00:01 - Expanding tables for length 5 to character count 8
0:00:00:01 - Trying length 5, fixed @2, character count 7
0:00:00:01 - Switching to length 3
0:00:00:01 - Expanding tables for length 3 to character count 4
0:00:00:01 - Trying length 3, fixed @3, character count 4
0:00:00:01 - Switching to length 7
0:00:00:01 - Expanding tables for length 7 to character count 4
0:00:00:01 - Trying length 7, fixed @6, character count 4
0:00:00:01 - Expanding tables for length 7 to character count 5
0:00:00:01 - Trying length 7, fixed @6, character count 5
0:00:00:01 - Switching to length 2
0:00:00:01 - Expanding tables for length 2 to character count 4
0:00:00:01 - Trying length 2, fixed @1, character count 4
0:00:00:01 - Switching to length 5
0:00:00:02 - Expanding tables for length 5 to character count 8
0:00:00:02 - Trying length 5, fixed @4, character count 7
0:00:00:02 - Switching to length 4
0:00:00:02 - Expanding tables for length 4 to character count 5
0:00:00:02 - Trying length 4, fixed @4, character count 5
0:00:00:02 - Switching to length 6
0:00:00:02 - Expanding tables for length 6 to character count 7
0:00:00:02 - Trying length 6, fixed @3, character count 7
0:00:00:02 - Switching to length 3
0:00:00:02 - Expanding tables for length 3 to character count 5
0:00:00:02 - Trying length 3, fixed @1, character count 5
0:00:00:02 - Switching to length 7
0:00:00:02 - Expanding tables for length 7 to character count 5
0:00:00:02 - Trying length 7, fixed @1, character count 4
0:00:00:02 - Trying length 7, fixed @1, character count 5
0:00:00:02 - Switching to length 2
0:00:00:02 - Expanding tables for length 2 to character count 5
0:00:00:02 - Trying length 2, fixed @1, character count 5
0:00:00:02 - Switching to length 6
0:00:00:02 - Expanding tables for length 6 to character count 7
0:00:00:02 - Trying length 6, fixed @1, character count 7
0:00:00:02 - Switching to length 5
0:00:00:02 - Expanding tables for length 5 to character count 8
0:00:00:02 - Trying length 5, fixed @3, character count 8
0:00:00:02 - Switching to length 4
0:00:00:02 - Expanding tables for length 4 to character count 6
0:00:00:02 - Trying length 4, fixed @1, character count 6
0:00:00:02 - Switching to length 7
0:00:00:02 - Expanding tables for length 7 to character count 5
0:00:00:02 - Trying length 7, fixed @3, character count 4
0:00:00:02 - Switching to length 3
0:00:00:02 - Expanding tables for length 3 to character count 5
0:00:00:02 - Trying length 3, fixed @2, character count 5
0:00:00:02 - Switching to length 4
0:00:00:02 - Expanding tables for length 4 to character count 6
0:00:00:02 - Trying length 4, fixed @3, character count 6
0:00:00:02 - Switching to length 3
0:00:00:02 - Expanding tables for length 3 to character count 5
0:00:00:02 - Trying length 3, fixed @3, character count 5
0:00:00:02 - Switching to length 6
0:00:00:02 - Expanding tables for length 6 to character count 7
0:00:00:02 - Trying length 6, fixed @4, character count 7
0:00:00:02 - Switching to length 5
0:00:00:02 - Expanding tables for length 5 to character count 9
0:00:00:02 - Trying length 5, fixed @1, character count 9
0:00:00:02 - Switching to length 6
0:00:00:02 - Expanding tables for length 6 to character count 8
0:00:00:02 - Trying length 6, fixed @5, character count 8
0:00:00:02 - Switching to length 1
0:00:00:02 - Expanding tables for length 1 to character count 2
0:00:00:02 - Trying length 1, fixed @1, character count 2
0:00:00:02 - Switching to length 3
0:00:00:02 - Expanding tables for length 3 to character count 6
0:00:00:02 - Trying length 3, fixed @1, character count 6
0:00:00:02 - Switching to length 7
0:00:00:02 - Expanding tables for length 7 to character count 5
0:00:00:02 - Trying length 7, fixed @7, character count 4
0:00:00:02 - Switching to length 4
0:00:00:02 - Expanding tables for length 4 to character count 6
0:00:00:02 - Trying length 4, fixed @2, character count 6
0:00:00:02 - Switching to length 5
0:00:00:02 - Expanding tables for length 5 to character count 9
0:00:00:02 - Trying length 5, fixed @2, character count 8
0:00:00:02 - Switching to length 3
0:00:00:02 - Expanding tables for length 3 to character count 6
0:00:00:02 - Trying length 3, fixed @3, character count 6
0:00:00:02 - Switching to length 5
0:00:00:02 - Expanding tables for length 5 to character count 9
0:00:00:02 - Trying length 5, fixed @4, character count 8
0:00:00:02 - Switching to length 4
0:00:00:02 - Expanding tables for length 4 to character count 6
0:00:00:02 - Trying length 4, fixed @4, character count 6
0:00:00:02 - Switching to length 7
0:00:00:02 - Expanding tables for length 7 to character count 5
0:00:00:02 - Trying length 7, fixed @5, character count 4
0:00:00:02 - Switching to length 3
0:00:00:02 - Expanding tables for length 3 to character count 7
0:00:00:02 - Trying length 3, fixed @3, character count 7
0:00:00:02 - Switching to length 1
0:00:00:02 - Expanding tables for length 1 to character count 3
0:00:00:02 - Trying length 1, fixed @1, character count 3
0:00:00:02 - Switching to length 6
0:00:00:02 - Expanding tables for length 6 to character count 8
0:00:00:02 - Trying length 6, fixed @2, character count 7
0:00:00:02 - Switching to length 4
0:00:00:02 - Expanding tables for length 4 to character count 7
0:00:00:02 - Trying length 4, fixed @1, character count 7
0:00:00:02 - Switching to length 6
0:00:00:02 - Expanding tables for length 6 to character count 8
0:00:00:02 - Trying length 6, fixed @6, character count 8
0:00:00:02 - Switching to length 3
0:00:00:02 - Expanding tables for length 3 to character count 7
0:00:00:02 - Trying length 3, fixed @1, character count 7
0:00:00:02 - Switching to length 5
0:00:00:02 - Expanding tables for length 5 to character count 9
0:00:00:02 - Trying length 5, fixed @5, character count 8
0:00:00:02 - Switching to length 7
0:00:00:02 - Expanding tables for length 7 to character count 5
0:00:00:02 - Trying length 7, fixed @4, character count 4
0:00:00:02 - Switching to length 4
0:00:00:02 - Expanding tables for length 4 to character count 7
0:00:00:02 - Trying length 4, fixed @3, character count 7
0:00:00:02 - Switching to length 7
0:00:00:02 - Expanding tables for length 7 to character count 5
0:00:00:02 - Trying length 7, fixed @2, character count 5
0:00:00:02 - Trying length 7, fixed @3, character count 5
0:00:00:02 - Switching to length 5
0:00:00:02 - Expanding tables for length 5 to character count 9
0:00:00:02 - Trying length 5, fixed @3, character count 9
0:00:00:02 - Switching to length 6
0:00:00:02 - Expanding tables for length 6 to character count 8
0:00:00:02 - Trying length 6, fixed @3, character count 8
0:00:00:02 - Switching to length 2
0:00:00:02 - Expanding tables for length 2 to character count 5
0:00:00:02 - Trying length 2, fixed @2, character count 5
0:00:00:02 - Switching to length 1
0:00:00:02 - Expanding tables for length 1 to character count 4
0:00:00:02 - Trying length 1, fixed @1, character count 4
0:00:00:02 - Expanding tables for length 1 to character count 5
0:00:00:02 - Trying length 1, fixed @1, character count 5
0:00:00:02 - Expanding tables for length 1 to character count 6
0:00:00:02 - Trying length 1, fixed @1, character count 6
0:00:00:02 - Switching to length 2
0:00:00:02 - Expanding tables for length 2 to character count 6
0:00:00:02 - Trying length 2, fixed @1, character count 6
0:00:00:02 - Switching to length 6
0:00:00:02 - Expanding tables for length 6 to character count 8
0:00:00:02 - Trying length 6, fixed @1, character count 8
0:00:00:02 - Switching to length 5
0:00:00:02 - Expanding tables for length 5 to character count 10
0:00:00:02 - Trying length 5, fixed @1, character count 10
0:00:00:02 - Switching to length 7
0:00:00:02 - Expanding tables for length 7 to character count 5
0:00:00:02 - Trying length 7, fixed @5, character count 5
0:00:00:02 - Switching to length 2
0:00:00:02 - Expanding tables for length 2 to character count 7
0:00:00:02 - Trying length 2, fixed @1, character count 7
0:00:00:02 - Switching to length 3
0:00:00:02 - Expanding tables for length 3 to character count 8
0:00:00:02 - Trying length 3, fixed @1, character count 8
0:00:00:02 - Switching to length 2
0:00:00:02 - Expanding tables for length 2 to character count 8
0:00:00:02 - Trying length 2, fixed @1, character count 8
0:00:00:02 - Switching to length 7
0:00:00:02 - Expanding tables for length 7 to character count 5
0:00:00:02 - Trying length 7, fixed @7, character count 5
0:00:00:02 - Switching to length 4
0:00:00:02 - Expanding tables for length 4 to character count 7
0:00:00:02 - Trying length 4, fixed @4, character count 7
0:00:00:02 - Expanding tables for length 4 to character count 8
0:00:00:02 - Trying length 4, fixed @1, character count 8
0:00:00:02 - Switching to length 1
0:00:00:02 - Expanding tables for length 1 to character count 7
0:00:00:02 - Trying length 1, fixed @1, character count 7
0:00:00:02 - Expanding tables for length 1 to character count 8
0:00:00:02 - Trying length 1, fixed @1, character count 8
0:00:00:02 - Expanding tables for length 1 to character count 9
0:00:00:02 - Trying length 1, fixed @1, character count 9
0:00:00:02 - Switching to length 4
0:00:00:02 - Expanding tables for length 4 to character count 8
0:00:00:02 - Trying length 4, fixed @3, character count 8
0:00:00:02 - Switching to length 6
0:00:00:02 - Expanding tables for length 6 to character count 8
0:00:00:02 - Trying length 6, fixed @4, character count 8
0:00:00:02 - Expanding tables for length 6 to character count 9
0:00:00:02 - Trying length 6, fixed @5, character count 9
0:00:00:02 - Switching to length 5
0:00:00:02 - Expanding tables for length 5 to character count 10
0:00:00:02 - Trying length 5, fixed @2, character count 9
0:00:00:02 - Switching to length 7
0:00:00:02 - Expanding tables for length 7 to character count 5
0:00:00:02 - Trying length 7, fixed @4, character count 5
0:00:00:02 - Switching to length 5
0:00:00:02 - Expanding tables for length 5 to character count 10
0:00:00:02 - Trying length 5, fixed @5, character count 9
0:00:00:02 - Switching to length 3
0:00:00:02 - Expanding tables for length 3 to character count 8
0:00:00:02 - Trying length 3, fixed @3, character count 8
0:00:00:02 - Switching to length 5
0:00:00:02 - Expanding tables for length 5 to character count 10
0:00:00:02 - Trying length 5, fixed @4, character count 9
0:00:00:02 - Switching to length 6
0:00:00:02 - Expanding tables for length 6 to character count 9
0:00:00:02 - Trying length 6, fixed @6, character count 9
0:00:00:02 - Switching to length 2
0:00:00:02 - Expanding tables for length 2 to character count 8
0:00:00:02 - Trying length 2, fixed @2, character count 6
0:00:00:02 - Switching to length 5
0:00:00:02 - Expanding tables for length 5 to character count 10
0:00:00:02 - Trying length 5, fixed @3, character count 10
0:00:00:02 - Switching to length 4
0:00:00:02 - Expanding tables for length 4 to character count 8
0:00:00:02 - Trying length 4, fixed @2, character count 7
0:00:00:02 - Switching to length 5
0:00:00:02 - Expanding tables for length 5 to character count 11
0:00:00:02 - Trying length 5, fixed @1, character count 11
0:00:00:02 - Switching to length 1
0:00:00:02 - Expanding tables for length 1 to character count 10
0:00:00:02 - Trying length 1, fixed @1, character count 10
0:00:00:02 - Expanding tables for length 1 to character count 11
0:00:00:02 - Trying length 1, fixed @1, character count 11
0:00:00:02 - Switching to length 3
0:00:00:02 - Expanding tables for length 3 to character count 9
0:00:00:02 - Trying length 3, fixed @3, character count 9
0:00:00:02 - Switching to length 6
0:00:00:02 - Expanding tables for length 6 to character count 9
0:00:00:02 - Trying length 6, fixed @3, character count 9
0:00:00:02 - Switching to length 2
0:00:00:02 - Expanding tables for length 2 to character count 8
0:00:00:02 - Trying length 2, fixed @2, character count 7
0:00:00:02 - Expanding tables for length 2 to character count 9
0:00:00:02 - Trying length 2, fixed @1, character count 9
0:00:00:02 - Switching to length 3
0:00:00:02 - Expanding tables for length 3 to character count 9
0:00:00:02 - Trying length 3, fixed @1, character count 9
0:00:00:02 - Switching to length 2
0:00:00:02 - Expanding tables for length 2 to character count 10
0:00:00:02 - Trying length 2, fixed @1, character count 10
0:00:00:02 - Switching to length 4
0:00:00:02 - Expanding tables for length 4 to character count 8
0:00:00:02 - Trying length 4, fixed @4, character count 8
0:00:00:02 - Switching to length 6
0:00:00:02 - Expanding tables for length 6 to character count 9
0:00:00:02 - Trying length 6, fixed @2, character count 8
0:00:00:02 - Switching to length 3
0:00:00:02 - Expanding tables for length 3 to character count 10
0:00:00:02 - Trying length 3, fixed @3, character count 10
0:00:00:02 - Switching to length 4
0:00:00:02 - Expanding tables for length 4 to character count 9
0:00:00:02 - Trying length 4, fixed @3, character count 9
0:00:00:02 - Switching to length 7
0:00:00:03 - Expanding tables for length 7 to character count 6
0:00:00:03 - Trying length 7, fixed @6, character count 6
0:00:00:03 - Switching to length 6
0:00:00:03 - Expanding tables for length 6 to character count 9
0:00:00:03 - Trying length 6, fixed @1, character count 9
0:00:00:03 - Switching to length 2
0:00:00:03 - Expanding tables for length 2 to character count 11
0:00:00:03 - Trying length 2, fixed @1, character count 11
0:00:00:03 - Switching to length 5
0:00:00:03 - Expanding tables for length 5 to character count 11
0:00:00:03 - Trying length 5, fixed @5, character count 10
0:00:00:03 - Switching to length 2
0:00:00:03 - Expanding tables for length 2 to character count 12
0:00:00:03 - Trying length 2, fixed @1, character count 12
0:00:00:03 - Switching to length 5
0:00:00:03 - Expanding tables for length 5 to character count 11
0:00:00:03 - Trying length 5, fixed @4, character count 10
0:00:00:03 - Expanding tables for length 5 to character count 12
0:00:00:03 - Trying length 5, fixed @1, character count 12
0:00:00:03 - Switching to length 4
0:00:00:03 - Expanding tables for length 4 to character count 9
0:00:00:03 - Trying length 4, fixed @2, character count 8
0:00:00:03 - Switching to length 2
0:00:00:03 - Expanding tables for length 2 to character count 13
0:00:00:03 - Trying length 2, fixed @1, character count 13
0:00:00:03 - Switching to length 1
0:00:00:03 - Expanding tables for length 1 to character count 12
0:00:00:03 - Trying length 1, fixed @1, character count 12
0:00:00:03 - Expanding tables for length 1 to character count 13
0:00:00:03 - Trying length 1, fixed @1, character count 13
0:00:00:03 - Expanding tables for length 1 to character count 14
0:00:00:03 - Trying length 1, fixed @1, character count 14
0:00:00:03 - Expanding tables for length 1 to character count 15
0:00:00:03 - Trying length 1, fixed @1, character count 15
0:00:00:03 - Expanding tables for length 1 to character count 16
0:00:00:03 - Trying length 1, fixed @1, character count 16
0:00:00:03 - Expanding tables for length 1 to character count 17
0:00:00:03 - Trying length 1, fixed @1, character count 17
0:00:00:03 - Switching to length 3
0:00:00:03 - Expanding tables for length 3 to character count 10
0:00:00:03 - Trying length 3, fixed @2, character count 6
0:00:00:03 - Switching to length 6
0:00:00:03 - Expanding tables for length 6 to character count 10
0:00:00:03 - Trying length 6, fixed @5, character count 10
0:00:00:03 - Switching to length 5
0:00:00:03 - Expanding tables for length 5 to character count 12
0:00:00:03 - Trying length 5, fixed @3, character count 11
0:00:00:03 - Switching to length 4
0:00:00:03 - Expanding tables for length 4 to character count 9
0:00:00:03 - Trying length 4, fixed @1, character count 9
0:00:00:03 - Switching to length 7
0:00:00:03 - Expanding tables for length 7 to character count 6
0:00:00:03 - Trying length 7, fixed @5, character count 6
0:00:00:03 - Switching to length 3
0:00:00:03 - Expanding tables for length 3 to character count 10
0:00:00:03 - Trying length 3, fixed @1, character count 10
0:00:00:03 - Switching to length 6
0:00:00:03 - Expanding tables for length 6 to character count 10
0:00:00:03 - Trying length 6, fixed @4, character count 9
0:00:00:03 - Switching to length 4
0:00:00:03 - Expanding tables for length 4 to character count 9
0:00:00:03 - Trying length 4, fixed @4, character count 9
0:00:00:03 - Expanding tables for length 4 to character count 10
0:00:00:03 - Trying length 4, fixed @3, character count 10
0:00:00:03 - Switching to length 5
0:00:00:03 - Expanding tables for length 5 to character count 12
0:00:00:03 - Trying length 5, fixed @4, character count 11
0:00:00:03 - Switching to length 6
0:00:00:03 - Expanding tables for length 6 to character count 10
0:00:00:03 - Trying length 6, fixed @6, character count 10
0:00:00:03 - Switching to length 7
0:00:00:03 - Expanding tables for length 7 to character count 6
0:00:00:03 - Trying length 7, fixed @2, character count 6
0:00:00:03 - Trying length 7, fixed @7, character count 6
0:00:00:03 - Switching to length 3
0:00:00:03 - Expanding tables for length 3 to character count 10
0:00:00:03 - Trying length 3, fixed @2, character count 7
0:00:00:03 - Switching to length 7
0:00:00:03 - Expanding tables for length 7 to character count 6
0:00:00:03 - Trying length 7, fixed @3, character count 6
0:00:00:03 - Switching to length 2
0:00:00:03 - Expanding tables for length 2 to character count 13
0:00:00:03 - Trying length 2, fixed @2, character count 8
0:00:00:03 - Switching to length 3
0:00:00:03 - Expanding tables for length 3 to character count 11
0:00:00:03 - Trying length 3, fixed @1, character count 11
0:00:00:03 - Switching to length 4
0:00:00:03 - Expanding tables for length 4 to character count 11
0:00:00:03 - Trying length 4, fixed @3, character count 11
0:00:00:03 - Switching to length 3
0:00:00:03 - Expanding tables for length 3 to character count 11
0:00:00:03 - Trying length 3, fixed @3, character count 11
0:00:00:03 - Switching to length 6
0:00:00:03 - Expanding tables for length 6 to character count 10
0:00:00:03 - Trying length 6, fixed @2, character count 9
0:00:00:03 - Trying length 6, fixed @1, character count 10
0:00:00:03 - Switching to length 5
0:00:00:03 - Expanding tables for length 5 to character count 12
0:00:00:03 - Trying length 5, fixed @5, character count 11
0:00:00:03 - Trying length 5, fixed @4, character count 12
0:00:00:03 - Switching to length 7
0:00:00:03 - Expanding tables for length 7 to character count 6
0:00:00:03 - Trying length 7, fixed @4, character count 6
0:00:00:03 - Switching to length 1
0:00:00:03 - Expanding tables for length 1 to character count 18
0:00:00:03 - Trying length 1, fixed @1, character count 18
0:00:00:03 - Expanding tables for length 1 to character count 19
0:00:00:03 - Trying length 1, fixed @1, character count 19
0:00:00:03 - Expanding tables for length 1 to character count 20
0:00:00:03 - Trying length 1, fixed @1, character count 20
0:00:00:03 - Expanding tables for length 1 to character count 21
0:00:00:03 - Trying length 1, fixed @1, character count 21
0:00:00:03 - Expanding tables for length 1 to character count 22
0:00:00:03 - Trying length 1, fixed @1, character count 22
0:00:00:03 - Expanding tables for length 1 to character count 23
0:00:00:03 - Trying length 1, fixed @1, character count 23
0:00:00:03 - Expanding tables for length 1 to character count 24
0:00:00:03 - Trying length 1, fixed @1, character count 24
0:00:00:03 - Expanding tables for length 1 to character count 25
0:00:00:03 - Trying length 1, fixed @1, character count 25
0:00:00:03 - Expanding tables for length 1 to character count 26
0:00:00:03 - Trying length 1, fixed @1, character count 26
0:00:00:03 - Expanding tables for length 1 to character count 27
0:00:00:03 - Trying length 1, fixed @1, character count 27
0:00:00:03 - Expanding tables for length 1 to character count 28
0:00:00:03 - Trying length 1, fixed @1, character count 28
0:00:00:03 - Expanding tables for length 1 to character count 29
0:00:00:03 - Trying length 1, fixed @1, character count 29
0:00:00:03 - Switching to length 6
0:00:00:03 - Expanding tables for length 6 to character count 10
0:00:00:03 - Trying length 6, fixed @3, character count 10
0:00:00:03 - Switching to length 5
0:00:00:03 - Expanding tables for length 5 to character count 12
0:00:00:03 - Trying length 5, fixed @3, character count 12
0:00:00:03 - Switching to length 3
0:00:00:03 - Expanding tables for length 3 to character count 12
0:00:00:03 - Trying length 3, fixed @3, character count 12
0:00:00:03 - Switching to length 5
0:00:00:03 - Expanding tables for length 5 to character count 13
0:00:00:03 - Trying length 5, fixed @1, character count 13
0:00:00:03 - Switching to length 7
0:00:00:03 - Expanding tables for length 7 to character count 6
0:00:00:03 - Trying length 7, fixed @1, character count 6
0:00:00:03 - Switching to length 4
0:00:00:03 - Expanding tables for length 4 to character count 11
0:00:00:03 - Trying length 4, fixed @2, character count 9
0:00:00:03 - Switching to length 2
0:00:00:03 - Expanding tables for length 2 to character count 13
0:00:00:03 - Trying length 2, fixed @2, character count 9
0:00:00:03 - Switching to length 4
0:00:00:03 - Expanding tables for length 4 to character count 11
0:00:00:03 - Trying length 4, fixed @1, character count 10
0:00:00:03 - Switching to length 2
0:00:00:03 - Expanding tables for length 2 to character count 13
0:00:00:03 - Trying length 2, fixed @2, character count 10
0:00:00:03 - Switching to length 4
0:00:00:03 - Expanding tables for length 4 to character count 11
0:00:00:03 - Trying length 4, fixed @4, character count 10
0:00:00:03 - Switching to length 6
0:00:00:03 - Expanding tables for length 6 to character count 10
0:00:00:03 - Trying length 6, fixed @4, character count 10
0:00:00:03 - Switching to length 5
0:00:00:03 - Expanding tables for length 5 to character count 14
0:00:00:03 - Trying length 5, fixed @1, character count 14
0:00:00:03 - Switching to length 2
0:00:00:03 - Expanding tables for length 2 to character count 13
0:00:00:03 - Trying length 2, fixed @2, character count 11
0:00:00:03 - Switching to length 3
0:00:00:03 - Expanding tables for length 3 to character count 12
0:00:00:03 - Trying length 3, fixed @2, character count 8
0:00:00:03 - Switching to length 6
0:00:00:03 - Expanding tables for length 6 to character count 11
0:00:00:03 - Trying length 6, fixed @5, character count 11
0:00:00:03 - Switching to length 4
0:00:00:03 - Expanding tables for length 4 to character count 12
0:00:00:03 - Trying length 4, fixed @3, character count 12
0:00:00:03 - Switching to length 3
0:00:00:03 - Expanding tables for length 3 to character count 12
0:00:00:03 - Trying length 3, fixed @1, character count 12
0:00:00:03 - Expanding tables for length 3 to character count 13
0:00:00:03 - Trying length 3, fixed @3, character count 13
0:00:00:03 - Switching to length 2
0:00:00:03 - Expanding tables for length 2 to character count 13
0:00:00:03 - Trying length 2, fixed @2, character count 12
0:00:00:03 - Switching to length 5
0:00:00:03 - Expanding tables for length 5 to character count 14
0:00:00:03 - Trying length 5, fixed @2, character count 10
0:00:00:03 - Switching to length 6
0:00:00:03 - Expanding tables for length 6 to character count 11
0:00:00:03 - Trying length 6, fixed @6, character count 11
0:00:00:03 - Switching to length 2
0:00:00:03 - Expanding tables for length 2 to character count 13
0:00:00:03 - Trying length 2, fixed @2, character count 13
0:00:00:03 - Switching to length 3
0:00:00:03 - Expanding tables for length 3 to character count 13
0:00:00:03 - Trying length 3, fixed @1, character count 13
0:00:00:03 - Switching to length 7
0:00:00:03 - Expanding tables for length 7 to character count 7
0:00:00:03 - Trying length 7, fixed @6, character count 7
0:00:00:03 - Switching to length 5
0:00:00:03 - Expanding tables for length 5 to character count 14
0:00:00:03 - Trying length 5, fixed @4, character count 13
0:00:00:03 - Switching to length 2
0:00:00:03 - Expanding tables for length 2 to character count 14
0:00:00:03 - Trying length 2, fixed @1, character count 14
0:00:00:03 - Switching to length 3
0:00:00:03 - Expanding tables for length 3 to character count 14
0:00:00:03 - Trying length 3, fixed @3, character count 14
0:00:00:03 - Switching to length 4
0:00:00:03 - Expanding tables for length 4 to character count 12
0:00:00:03 - Trying length 4, fixed @2, character count 10
0:00:00:03 - Switching to length 5
0:00:00:03 - Expanding tables for length 5 to character count 14
0:00:00:03 - Trying length 5, fixed @3, character count 13
0:00:00:03 - Switching to length 2
0:00:00:03 - Expanding tables for length 2 to character count 15
0:00:00:03 - Trying length 2, fixed @1, character count 15
0:00:00:03 - Switching to length 6
0:00:00:03 - Expanding tables for length 6 to character count 11
0:00:00:03 - Trying length 6, fixed @2, character count 10
0:00:00:03 - Switching to length 4
0:00:00:03 - Expanding tables for length 4 to character count 12
0:00:00:03 - Trying length 4, fixed @1, character count 11
0:00:00:03 - Switching to length 6
0:00:00:03 - Expanding tables for length 6 to character count 11
0:00:00:03 - Trying length 6, fixed @3, character count 11
0:00:00:03 - Switching to length 4
0:00:00:03 - Expanding tables for length 4 to character count 12
0:00:00:03 - Trying length 4, fixed @4, character count 11
0:00:00:03 - Switching to length 3
0:00:00:03 - Expanding tables for length 3 to character count 14
0:00:00:03 - Trying length 3, fixed @2, character count 9
0:00:00:03 - Switching to length 7
0:00:00:03 - Expanding tables for length 7 to character count 7
0:00:00:03 - Trying length 7, fixed @3, character count 7
0:00:00:03 - Switching to length 5
0:00:00:03 - Expanding tables for length 5 to character count 14
0:00:00:03 - Trying length 5, fixed @4, character count 14
0:00:00:03 - Switching to length 4
0:00:00:03 - Expanding tables for length 4 to character count 13
0:00:00:03 - Trying length 4, fixed @3, character count 13
0:00:00:03 - Switching to length 6
0:00:00:03 - Expanding tables for length 6 to character count 11
0:00:00:03 - Trying length 6, fixed @1, character count 11
0:00:00:03 - Switching to length 2
0:00:00:03 - Expanding tables for length 2 to character count 15
0:00:00:03 - Trying length 2, fixed @2, character count 14
0:00:00:03 - Switching to length 3
0:00:00:03 - Expanding tables for length 3 to character count 15
0:00:00:03 - Trying length 3, fixed @3, character count 15
0:00:00:03 - Switching to length 7
0:00:00:04 - Expanding tables for length 7 to character count 7
0:00:00:04 - Trying length 7, fixed @7, character count 7
0:00:00:04 - Switching to length 6
0:00:00:04 - Expanding tables for length 6 to character count 11
0:00:00:04 - Trying length 6, fixed @4, character count 11
0:00:00:04 - Switching to length 2
0:00:00:04 - Expanding tables for length 2 to character count 15
0:00:00:04 - Trying length 2, fixed @2, character count 15
0:00:00:04 - Expanding tables for length 2 to character count 16
0:00:00:04 - Trying length 2, fixed @1, character count 16
0:00:00:04 - Switching to length 7
0:00:00:04 - Expanding tables for length 7 to character count 7
0:00:00:04 - Trying length 7, fixed @1, character count 7
0:00:00:04 - Switching to length 4
0:00:00:04 - Expanding tables for length 4 to character count 13
0:00:00:04 - Trying length 4, fixed @2, character count 11
0:00:00:04 - Switching to length 2
0:00:00:04 - Expanding tables for length 2 to character count 17
0:00:00:04 - Trying length 2, fixed @1, character count 17
0:00:00:04 - Switching to length 4
0:00:00:04 - Expanding tables for length 4 to character count 13
0:00:00:04 - Trying length 4, fixed @1, character count 12
0:00:00:04 - Switching to length 6
0:00:00:04 - Expanding tables for length 6 to character count 12
0:00:00:04 - Trying length 6, fixed @6, character count 12
0:00:00:04 - Switching to length 4
0:00:00:04 - Expanding tables for length 4 to character count 13
0:00:00:04 - Trying length 4, fixed @4, character count 12
0:00:00:04 - Switching to length 1
0:00:00:04 - Expanding tables for length 1 to character count 30
0:00:00:04 - Trying length 1, fixed @1, character count 30
0:00:00:04 - Expanding tables for length 1 to character count 31
0:00:00:04 - Trying length 1, fixed @1, character count 31
0:00:00:04 - Expanding tables for length 1 to character count 32
0:00:00:04 - Trying length 1, fixed @1, character count 32
0:00:00:04 - Expanding tables for length 1 to character count 33
0:00:00:04 - Trying length 1, fixed @1, character count 33
0:00:00:04 - Expanding tables for length 1 to character count 34
0:00:00:04 - Trying length 1, fixed @1, character count 34
0:00:00:04 - Expanding tables for length 1 to character count 35
0:00:00:04 - Trying length 1, fixed @1, character count 35
0:00:00:04 - Expanding tables for length 1 to character count 36
0:00:00:04 - Trying length 1, fixed @1, character count 36
0:00:00:04 - Expanding tables for length 1 to character count 37
0:00:00:04 - Trying length 1, fixed @1, character count 37
0:00:00:04 - Expanding tables for length 1 to character count 38
0:00:00:04 - Trying length 1, fixed @1, character count 38
0:00:00:04 - Expanding tables for length 1 to character count 39
0:00:00:04 - Trying length 1, fixed @1, character count 39
0:00:00:04 - Expanding tables for length 1 to character count 40
0:00:00:04 - Trying length 1, fixed @1, character count 40
0:00:00:04 - Expanding tables for length 1 to character count 41
0:00:00:04 - Trying length 1, fixed @1, character count 41
0:00:00:04 - Expanding tables for length 1 to character count 42
0:00:00:04 - Trying length 1, fixed @1, character count 42
0:00:00:04 - Expanding tables for length 1 to character count 43
0:00:00:04 - Trying length 1, fixed @1, character count 43
0:00:00:04 - Expanding tables for length 1 to character count 44
0:00:00:04 - Trying length 1, fixed @1, character count 44
0:00:00:04 - Expanding tables for length 1 to character count 45
0:00:00:04 - Trying length 1, fixed @1, character count 45
0:00:00:04 - Switching to length 5
0:00:00:04 - Expanding tables for length 5 to character count 14
0:00:00:04 - Trying length 5, fixed @2, character count 11
0:00:00:04 - Switching to length 3
0:00:00:04 - Expanding tables for length 3 to character count 15
0:00:00:04 - Trying length 3, fixed @2, character count 10
0:00:00:04 - Trying length 3, fixed @1, character count 14
0:00:00:04 - Switching to length 5
0:00:00:04 - Expanding tables for length 5 to character count 14
0:00:00:04 - Trying length 5, fixed @5, character count 12
0:00:00:04 - Switching to length 2
0:00:00:04 - Expanding tables for length 2 to character count 18
0:00:00:04 - Trying length 2, fixed @1, character count 18
0:00:00:04 - Switching to length 6
0:00:00:04 - Expanding tables for length 6 to character count 12
0:00:00:04 - Trying length 6, fixed @3, character count 12
0:00:00:04 - Switching to length 5
0:00:00:04 - Expanding tables for length 5 to character count 14
0:00:00:04 - Trying length 5, fixed @3, character count 14
0:00:00:04 - Switching to length 7
0:00:00:04 - Expanding tables for length 7 to character count 7
0:00:00:04 - Trying length 7, fixed @2, character count 7
0:00:00:04 - Trying length 7, fixed @4, character count 7
0:00:00:04 - Switching to length 1
0:00:00:04 - Expanding tables for length 1 to character count 46
0:00:00:04 - Trying length 1, fixed @1, character count 46
0:00:00:04 - Expanding tables for length 1 to character count 47
0:00:00:04 - Trying length 1, fixed @1, character count 47
0:00:00:04 - Expanding tables for length 1 to character count 48
0:00:00:04 - Trying length 1, fixed @1, character count 48
0:00:00:04 - Expanding tables for length 1 to character count 49
0:00:00:04 - Trying length 1, fixed @1, character count 49
0:00:00:04 - Expanding tables for length 1 to character count 50
0:00:00:04 - Trying length 1, fixed @1, character count 50
0:00:00:04 - Expanding tables for length 1 to character count 51
0:00:00:04 - Trying length 1, fixed @1, character count 51
0:00:00:04 - Expanding tables for length 1 to character count 52
0:00:00:04 - Trying length 1, fixed @1, character count 52
0:00:00:04 - Expanding tables for length 1 to character count 53
0:00:00:04 - Trying length 1, fixed @1, character count 53
0:00:00:04 - Expanding tables for length 1 to character count 54
0:00:00:04 - Trying length 1, fixed @1, character count 54
0:00:00:04 - Expanding tables for length 1 to character count 55
0:00:00:04 - Trying length 1, fixed @1, character count 55
0:00:00:04 - Expanding tables for length 1 to character count 56
0:00:00:04 - Trying length 1, fixed @1, character count 56
0:00:00:04 - Expanding tables for length 1 to character count 57
0:00:00:04 - Trying length 1, fixed @1, character count 57
0:00:00:04 - Expanding tables for length 1 to character count 58
0:00:00:04 - Trying length 1, fixed @1, character count 58
0:00:00:04 - Expanding tables for length 1 to character count 59
0:00:00:04 - Trying length 1, fixed @1, character count 59
0:00:00:04 - Expanding tables for length 1 to character count 60
0:00:00:04 - Trying length 1, fixed @1, character count 60
0:00:00:04 - Expanding tables for length 1 to character count 61
0:00:00:04 - Trying length 1, fixed @1, character count 61
0:00:00:04 - Expanding tables for length 1 to character count 62
0:00:00:04 - Trying length 1, fixed @1, character count 62
0:00:00:04 - Expanding tables for length 1 to character count 63
0:00:00:04 - Trying length 1, fixed @1, character count 63
0:00:00:04 - Expanding tables for length 1 to character count 64
0:00:00:04 - Trying length 1, fixed @1, character count 64
0:00:00:04 - Expanding tables for length 1 to character count 65
0:00:00:04 - Trying length 1, fixed @1, character count 65
0:00:00:04 - Expanding tables for length 1 to character count 66
0:00:00:04 - Trying length 1, fixed @1, character count 66
0:00:00:04 - Expanding tables for length 1 to character count 67
0:00:00:04 - Trying length 1, fixed @1, character count 67
0:00:00:04 - Expanding tables for length 1 to character count 68
0:00:00:04 - Trying length 1, fixed @1, character count 68
0:00:00:04 - Expanding tables for length 1 to character count 69
0:00:00:04 - Trying length 1, fixed @1, character count 69
0:00:00:04 - Expanding tables for length 1 to character count 70
0:00:00:04 - Trying length 1, fixed @1, character count 70
0:00:00:04 - Expanding tables for length 1 to character count 71
0:00:00:04 - Trying length 1, fixed @1, character count 71
0:00:00:04 - Expanding tables for length 1 to character count 72
0:00:00:04 - Trying length 1, fixed @1, character count 72
0:00:00:04 - Expanding tables for length 1 to character count 73
0:00:00:04 - Trying length 1, fixed @1, character count 73
0:00:00:04 - Expanding tables for length 1 to character count 74
0:00:00:04 - Trying length 1, fixed @1, character count 74
0:00:00:04 - Expanding tables for length 1 to character count 75
0:00:00:04 - Trying length 1, fixed @1, character count 75
0:00:00:04 - Expanding tables for length 1 to character count 76
0:00:00:04 - Trying length 1, fixed @1, character count 76
0:00:00:04 - Expanding tables for length 1 to character count 77
0:00:00:04 - Trying length 1, fixed @1, character count 77
0:00:00:04 - Expanding tables for length 1 to character count 78
0:00:00:04 - Trying length 1, fixed @1, character count 78
0:00:00:04 - Expanding tables for length 1 to character count 79
0:00:00:04 - Trying length 1, fixed @1, character count 79
0:00:00:04 - Expanding tables for length 1 to character count 80
0:00:00:04 - Trying length 1, fixed @1, character count 80
0:00:00:04 - Expanding tables for length 1 to character count 81
0:00:00:04 - Trying length 1, fixed @1, character count 81
0:00:00:04 - Expanding tables for length 1 to character count 82
0:00:00:04 - Trying length 1, fixed @1, character count 82
0:00:00:04 - Expanding tables for length 1 to character count 83
0:00:00:04 - Trying length 1, fixed @1, character count 83
0:00:00:04 - Expanding tables for length 1 to character count 84
0:00:00:04 - Trying length 1, fixed @1, character count 84
0:00:00:04 - Expanding tables for length 1 to character count 85
0:00:00:04 - Trying length 1, fixed @1, character count 85
0:00:00:04 - Expanding tables for length 1 to character count 86
0:00:00:04 - Trying length 1, fixed @1, character count 86
0:00:00:04 - Expanding tables for length 1 to character count 87
0:00:00:04 - Trying length 1, fixed @1, character count 87
0:00:00:04 - Expanding tables for length 1 to character count 88
0:00:00:04 - Trying length 1, fixed @1, character count 88
0:00:00:04 - Expanding tables for length 1 to character count 89
0:00:00:04 - Trying length 1, fixed @1, character count 89
0:00:00:04 - Expanding tables for length 1 to character count 90
0:00:00:04 - Trying length 1, fixed @1, character count 90
0:00:00:04 - Expanding tables for length 1 to character count 91
0:00:00:04 - Trying length 1, fixed @1, character count 91
0:00:00:04 - Expanding tables for length 1 to character count 92
0:00:00:04 - Trying length 1, fixed @1, character count 92
0:00:00:04 - Expanding tables for length 1 to character count 93
0:00:00:04 - Trying length 1, fixed @1, character count 93
0:00:00:04 - Expanding tables for length 1 to character count 94
0:00:00:04 - Trying length 1, fixed @1, character count 94
0:00:00:04 - Expanding tables for length 1 to character count 95
0:00:00:04 - Trying length 1, fixed @1, character count 95
0:00:00:04 - Switching to length 2
0:00:00:04 - Expanding tables for length 2 to character count 18
0:00:00:04 - Trying length 2, fixed @2, character count 16
0:00:00:04 - Switching to length 5
0:00:00:04 - Expanding tables for length 5 to character count 15
0:00:00:04 - Trying length 5, fixed @1, character count 15
0:00:00:04 - Switching to length 4
0:00:00:04 - Expanding tables for length 4 to character count 13
0:00:00:04 - Trying length 4, fixed @1, character count 13
0:00:00:04 - Switching to length 3
0:00:00:04 - Expanding tables for length 3 to character count 15
0:00:00:04 - Trying length 3, fixed @2, character count 11
0:00:00:04 - Switching to length 6
0:00:00:04 - Expanding tables for length 6 to character count 12
0:00:00:04 - Trying length 6, fixed @2, character count 11
0:00:00:04 - Switching to length 5
0:00:00:04 - Expanding tables for length 5 to character count 15
0:00:00:04 - Trying length 5, fixed @3, character count 15
0:00:00:04 - Switching to length 6
0:00:00:04 - Expanding tables for length 6 to character count 12
0:00:00:04 - Trying length 6, fixed @1, character count 12
0:00:00:04 - Switching to length 7
0:00:00:04 - Expanding tables for length 7 to character count 7
0:00:00:04 - Trying length 7, fixed @5, character count 7
0:00:00:04 - Switching to length 2
0:00:00:04 - Expanding tables for length 2 to character count 18
0:00:00:04 - Trying length 2, fixed @2, character count 17
0:00:00:04 - Trying length 2, fixed @2, character count 18
0:00:00:04 - Expanding tables for length 2 to character count 19
0:00:00:04 - Trying length 2, fixed @1, character count 19
0:00:00:04 - Switching to length 4
0:00:00:04 - Expanding tables for length 4 to character count 13
0:00:00:04 - Trying length 4, fixed @2, character count 12
0:00:00:04 - Trying length 4, fixed @4, character count 13
0:00:00:04 - Switching to length 5
0:00:00:04 - Expanding tables for length 5 to character count 16
0:00:00:04 - Trying length 5, fixed @1, character count 16
0:00:00:04 - Switching to length 6
0:00:00:04 - Expanding tables for length 6 to character count 12
0:00:00:04 - Trying length 6, fixed @5, character count 12
0:00:00:04 - Switching to length 4
0:00:00:04 - Expanding tables for length 4 to character count 14
0:00:00:04 - Trying length 4, fixed @3, character count 14
0:00:00:04 - Switching to length 3
0:00:00:04 - Expanding tables for length 3 to character count 15
0:00:00:04 - Trying length 3, fixed @1, character count 15
0:00:00:04 - Switching to length 2
0:00:00:04 - Expanding tables for length 2 to character count 19
0:00:00:04 - Trying length 2, fixed @2, character count 19
0:00:00:04 - Switching to length 6
0:00:00:04 - Expanding tables for length 6 to character count 12
0:00:00:04 - Trying length 6, fixed @4, character count 12
0:00:00:04 - Switching to length 2
0:00:00:04 - Expanding tables for length 2 to character count 20
0:00:00:04 - Trying length 2, fixed @1, character count 20
0:00:00:04 - Switching to length 6
0:00:00:04 - Expanding tables for length 6 to character count 13
0:00:00:04 - Trying length 6, fixed @6, character count 13
0:00:00:04 - Switching to length 4
0:00:00:04 - Expanding tables for length 4 to character count 14
0:00:00:04 - Trying length 4, fixed @1, character count 14
0:00:00:04 - Switching to length 5
0:00:00:04 - Expanding tables for length 5 to character count 16
0:00:00:04 - Trying length 5, fixed @5, character count 13
0:00:00:04 - Switching to length 3
0:00:00:04 - Expanding tables for length 3 to character count 16
0:00:00:04 - Trying length 3, fixed @3, character count 16
0:00:00:04 - Switching to length 5
0:00:00:04 - Expanding tables for length 5 to character count 16
0:00:00:04 - Trying length 5, fixed @3, character count 16
0:00:00:04 - Switching to length 7
0:00:00:04 - Expanding tables for length 7 to character count 8
0:00:00:04 - Trying length 7, fixed @6, character count 8
0:00:00:04 - Switching to length 4
0:00:00:04 - Expanding tables for length 4 to character count 15
0:00:00:04 - Trying length 4, fixed @3, character count 15
0:00:00:04 - Switching to length 2
0:00:00:04 - Expanding tables for length 2 to character count 20
0:00:00:04 - Trying length 2, fixed @2, character count 20
0:00:00:04 - Switching to length 6
0:00:00:04 - Expanding tables for length 6 to character count 13
0:00:00:04 - Trying length 6, fixed @3, character count 13
0:00:00:04 - Switching to length 2
0:00:00:04 - Expanding tables for length 2 to character count 21
0:00:00:04 - Trying length 2, fixed @2, character count 21
0:00:00:04 - Switching to length 7
0:00:00:04 - Expanding tables for length 7 to character count 8
0:00:00:04 - Trying length 7, fixed @3, character count 8
0:00:00:04 - Switching to length 5
0:00:00:04 - Expanding tables for length 5 to character count 16
0:00:00:04 - Trying length 5, fixed @4, character count 15
0:00:00:04 - Expanding tables for length 5 to character count 17
0:00:00:04 - Trying length 5, fixed @1, character count 17
0:00:00:04 - Switching to length 4
0:00:00:04 - Expanding tables for length 4 to character count 15
0:00:00:04 - Trying length 4, fixed @2, character count 13
0:00:00:04 - Switching to length 3
0:00:00:04 - Expanding tables for length 3 to character count 16
0:00:00:04 - Trying length 3, fixed @2, character count 12
0:00:00:04 - Switching to length 4
0:00:00:04 - Expanding tables for length 4 to character count 15
0:00:00:04 - Trying length 4, fixed @4, character count 14
0:00:00:04 - Switching to length 2
0:00:00:04 - Expanding tables for length 2 to character count 22
0:00:00:04 - Trying length 2, fixed @2, character count 22
0:00:00:04 - Expanding tables for length 2 to character count 23
0:00:00:04 - Trying length 2, fixed @2, character count 23
0:00:00:04 - Switching to length 7
0:00:00:04 - Expanding tables for length 7 to character count 8
0:00:00:04 - Trying length 7, fixed @1, character count 8
0:00:00:04 - Switching to length 4
0:00:00:04 - Expanding tables for length 4 to character count 15
0:00:00:04 - Trying length 4, fixed @1, character count 15
0:00:00:04 - Switching to length 6
0:00:00:04 - Expanding tables for length 6 to character count 13
0:00:00:04 - Trying length 6, fixed @2, character count 12
0:00:00:04 - Trying length 6, fixed @1, character count 13
0:00:00:04 - Switching to length 3
0:00:00:04 - Expanding tables for length 3 to character count 16
0:00:00:04 - Trying length 3, fixed @1, character count 16
0:00:00:04 - Switching to length 4
0:00:00:04 - Expanding tables for length 4 to character count 15
0:00:00:04 - Trying length 4, fixed @4, character count 15
0:00:00:04 - Switching to length 3
0:00:00:04 - Expanding tables for length 3 to character count 17
0:00:00:04 - Trying length 3, fixed @3, character count 17
0:00:00:04 - Switching to length 7
0:00:00:04 - Expanding tables for length 7 to character count 8
0:00:00:04 - Trying length 7, fixed @7, character count 8
0:00:00:04 - Switching to length 6
0:00:00:04 - Expanding tables for length 6 to character count 13
0:00:00:04 - Trying length 6, fixed @5, character count 13
0:00:00:04 - Expanding tables for length 6 to character count 14
0:00:00:04 - Trying length 6, fixed @6, character count 14
0:00:00:04 - Switching to length 7
0:00:00:04 - Expanding tables for length 7 to character count 8
0:00:00:04 - Trying length 7, fixed @4, character count 8
0:00:00:04 - Switching to length 4
0:00:00:04 - Expanding tables for length 4 to character count 16
0:00:00:04 - Trying length 4, fixed @3, character count 16
0:00:00:04 - Switching to length 5
0:00:00:05 - Expanding tables for length 5 to character count 17
0:00:00:05 - Trying length 5, fixed @2, character count 12
0:00:00:05 - Switching to length 2
0:00:00:05 - Expanding tables for length 2 to character count 24
0:00:00:05 - Trying length 2, fixed @2, character count 24
0:00:00:05 - Expanding tables for length 2 to character count 25
0:00:00:05 - Trying length 2, fixed @2, character count 25
0:00:00:05 - Switching to length 3
0:00:00:05 - Expanding tables for length 3 to character count 17
0:00:00:05 - Trying length 3, fixed @2, character count 13
0:00:00:05 - Trying length 3, fixed @1, character count 17
0:00:00:05 - Switching to length 4
0:00:00:05 - Expanding tables for length 4 to character count 16
0:00:00:05 - Trying length 4, fixed @4, character count 16
0:00:00:05 - Switching to length 2
0:00:00:05 - Expanding tables for length 2 to character count 26
0:00:00:05 - Trying length 2, fixed @2, character count 26
0:00:00:05 - Expanding tables for length 2 to character count 27
0:00:00:05 - Trying length 2, fixed @2, character count 27
0:00:00:05 - Expanding tables for length 2 to character count 28
0:00:00:05 - Trying length 2, fixed @2, character count 28
0:00:00:05 - Switching to length 6
0:00:00:05 - Expanding tables for length 6 to character count 14
0:00:00:05 - Trying length 6, fixed @4, character count 13
0:00:00:05 - Switching to length 5
0:00:00:05 - Expanding tables for length 5 to character count 17
0:00:00:05 - Trying length 5, fixed @5, character count 14
0:00:00:05 - Switching to length 3
0:00:00:05 - Expanding tables for length 3 to character count 18
0:00:00:05 - Trying length 3, fixed @1, character count 18
0:00:00:05 - Switching to length 5
0:00:00:05 - Expanding tables for length 5 to character count 17
0:00:00:05 - Trying length 5, fixed @4, character count 16
0:00:00:05 - Switching to length 7
0:00:00:05 - Expanding tables for length 7 to character count 8
0:00:00:05 - Trying length 7, fixed @5, character count 8
0:00:00:05 - Switching to length 4
0:00:00:05 - Expanding tables for length 4 to character count 16
0:00:00:05 - Trying length 4, fixed @2, character count 14
0:00:00:05 - Switching to length 6
0:00:00:05 - Expanding tables for length 6 to character count 15
0:00:00:05 - Trying length 6, fixed @6, character count 15
0:00:00:05 - Switching to length 4
0:00:00:05 - Expanding tables for length 4 to character count 17
0:00:00:05 - Trying length 4, fixed @3, character count 17
0:00:00:05 - Switching to length 5
0:00:00:05 - Expanding tables for length 5 to character count 17
0:00:00:05 - Trying length 5, fixed @3, character count 17
0:00:00:05 - Switching to length 2
0:00:00:05 - Expanding tables for length 2 to character count 29
0:00:00:05 - Trying length 2, fixed @2, character count 29
0:00:00:05 - Switching to length 3
0:00:00:05 - Expanding tables for length 3 to character count 18
0:00:00:05 - Trying length 3, fixed @2, character count 14
0:00:00:05 - Switching to length 2
0:00:00:05 - Expanding tables for length 2 to character count 30
0:00:00:05 - Trying length 2, fixed @2, character count 30
0:00:00:05 - Switching to length 3
0:00:00:05 - Expanding tables for length 3 to character count 18
0:00:00:05 - Trying length 3, fixed @3, character count 18
0:00:00:05 - Switching to length 2
0:00:00:05 - Expanding tables for length 2 to character count 31
0:00:00:05 - Trying length 2, fixed @2, character count 31
0:00:00:05 - Switching to length 3
0:00:00:05 - Expanding tables for length 3 to character count 19
0:00:00:05 - Trying length 3, fixed @1, character count 19
0:00:00:05 - Switching to length 5
0:00:00:05 - Expanding tables for length 5 to character count 17
0:00:00:05 - Trying length 5, fixed @4, character count 17
0:00:00:05 - Switching to length 6
0:00:00:05 - Expanding tables for length 6 to character count 15
0:00:00:05 - Trying length 6, fixed @3, character count 14
0:00:00:05 - Switching to length 4
0:00:00:05 - Expanding tables for length 4 to character count 17
0:00:00:05 - Trying length 4, fixed @1, character count 16
0:00:00:05 - Switching to length 7
0:00:00:05 - Expanding tables for length 7 to character count 8
0:00:00:05 - Trying length 7, fixed @2, character count 8
0:00:00:05 - Switching to length 4
0:00:00:05 - Expanding tables for length 4 to character count 17
0:00:00:05 - Trying length 4, fixed @4, character count 17
0:00:00:05 - Switching to length 5
0:00:00:05 - Expanding tables for length 5 to character count 18
0:00:00:05 - Trying length 5, fixed @3, character count 18
0:00:00:05 - Switching to length 3
0:00:00:05 - Expanding tables for length 3 to character count 19
0:00:00:05 - Trying length 3, fixed @3, character count 19
0:00:00:05 - Expanding tables for length 3 to character count 20
0:00:00:05 - Trying length 3, fixed @1, character count 20
0:00:00:05 - Switching to length 4
0:00:00:05 - Expanding tables for length 4 to character count 18
0:00:00:05 - Trying length 4, fixed @3, character count 18
0:00:00:05 - Switching to length 6
0:00:00:05 - Expanding tables for length 6 to character count 15
0:00:00:05 - Trying length 6, fixed @1, character count 14
0:00:00:05 - Switching to length 7
0:00:00:05 - Expanding tables for length 7 to character count 9
0:00:00:05 - Trying length 7, fixed @6, character count 9
0:00:00:05 - Switching to length 6
0:00:00:05 - Expanding tables for length 6 to character count 15
0:00:00:05 - Trying length 6, fixed @4, character count 14
0:00:00:05 - Switching to length 5
0:00:00:05 - Expanding tables for length 5 to character count 18
0:00:00:05 - Trying length 5, fixed @1, character count 18
0:00:00:05 - Switching to length 2
0:00:00:05 - Expanding tables for length 2 to character count 31
0:00:00:05 - Trying length 2, fixed @1, character count 21
0:00:00:05 - Trying length 2, fixed @1, character count 22
0:00:00:05 - Switching to length 3
0:00:00:05 - Expanding tables for length 3 to character count 20
0:00:00:05 - Trying length 3, fixed @3, character count 20
0:00:00:05 - Expanding tables for length 3 to character count 21
0:00:00:05 - Trying length 3, fixed @1, character count 21
0:00:00:05 - Switching to length 4
0:00:00:05 - Expanding tables for length 4 to character count 18
0:00:00:05 - Trying length 4, fixed @4, character count 18
0:00:00:05 - Switching to length 2
0:00:00:05 - Expanding tables for length 2 to character count 32
0:00:00:05 - Trying length 2, fixed @2, character count 32
0:00:00:05 - Switching to length 7
0:00:00:05 - Expanding tables for length 7 to character count 9
0:00:00:05 - Trying length 7, fixed @3, character count 9
0:00:00:05 - Switching to length 6
0:00:00:05 - Expanding tables for length 6 to character count 15
0:00:00:05 - Trying length 6, fixed @5, character count 14
0:00:00:05 - Switching to length 5
0:00:00:05 - Expanding tables for length 5 to character count 18
0:00:00:05 - Trying length 5, fixed @5, character count 15
0:00:00:05 - Switching to length 6
0:00:00:05 - Expanding tables for length 6 to character count 16
0:00:00:05 - Trying length 6, fixed @6, character count 16
0:00:00:05 - Switching to length 4
0:00:00:05 - Expanding tables for length 4 to character count 19
0:00:00:05 - Trying length 4, fixed @4, character count 19
0:00:00:05 - Switching to length 5
0:00:00:05 - Expanding tables for length 5 to character count 18
0:00:00:05 - Trying length 5, fixed @4, character count 18
0:00:00:05 - Switching to length 2
0:00:00:05 - Expanding tables for length 2 to character count 32
0:00:00:05 - Trying length 2, fixed @1, character count 23
0:00:00:05 - Switching to length 6
0:00:00:05 - Expanding tables for length 6 to character count 16
0:00:00:05 - Trying length 6, fixed @2, character count 13
0:00:00:05 - Switching to length 5
0:00:00:05 - Expanding tables for length 5 to character count 19
0:00:00:05 - Trying length 5, fixed @3, character count 19
0:00:00:05 - Switching to length 4
0:00:00:05 - Expanding tables for length 4 to character count 19
0:00:00:05 - Trying length 4, fixed @2, character count 15
0:00:00:05 - Switching to length 3
0:00:00:05 - Expanding tables for length 3 to character count 21
0:00:00:05 - Trying length 3, fixed @2, character count 15
0:00:00:05 - Switching to length 4
0:00:00:05 - Expanding tables for length 4 to character count 19
0:00:00:05 - Trying length 4, fixed @3, character count 19
0:00:00:05 - Switching to length 3
0:00:00:05 - Expanding tables for length 3 to character count 21
0:00:00:05 - Trying length 3, fixed @3, character count 21
0:00:00:05 - Switching to length 7
0:00:00:05 - Expanding tables for length 7 to character count 9
0:00:00:05 - Trying length 7, fixed @1, character count 9
0:00:00:05 Session aborted
0:00:00:00 Starting a new session
0:00:00:00 Loaded a total of 1 password hash
0:00:00:00 Command line: run/john-avx --format=LM --incremental=10 hashes.txt 
0:00:00:00 - UTF-8 input encoding enabled
0:00:00:00 - Passwords will be stored UTF-8 encoded in .pot file
0:00:00:00 - Target encoding: CP850
0:00:00:00 - Rules/masks using CP850
0:00:00:00 - Hash type: LM (min-len 0, max-len 7, longer passwords split)
0:00:00:00 - Algorithm: DES 128/128 AVX
0:00:00:00 - Candidate passwords will be buffered and tried in chunks of 57344
0:00:00:00 Proceeding with "incremental" mode: 10
0:00:00:00 ! Unknown incremental mode: 10
0:00:00:00 Terminating on error, inc.c:517
0:00:00:00 Starting a new session
0:00:00:00 Loaded a total of 1 password hash
0:00:00:00 Command line: run/john-avx --format=LM --incremental=lanman hashes.txt 
0:00:00:00 - UTF-8 input encoding enabled
0:00:00:00 - Passwords will be stored UTF-8 encoded in .pot file
0:00:00:00 - Target encoding: CP850
0:00:00:00 - Rules/masks using CP850
0:00:00:00 - Hash type: LM (min-len 0, max-len 7, longer passwords split)
0:00:00:00 - Algorithm: DES 128/128 AVX
0:00:00:00 - Candidate passwords will be buffered and tried in chunks of 57344
0:00:00:00 Proceeding with "incremental" mode: lanman
0:00:00:00 - Lengths 0 to 7, up to 132 different characters
0:00:00:00 - No stacked rules
0:00:00:00 - Switching to length 1
0:00:00:00 - Expanding tables for length 1 to character count 1
0:00:00:00 - Trying length 1, fixed @1, character count 1
0:00:00:00 - Expanding tables for length 1 to character count 2
0:00:00:00 - Trying length 1, fixed @1, character count 2
0:00:00:00 - Expanding tables for length 1 to character count 3
0:00:00:00 - Trying length 1, fixed @1, character count 3
0:00:00:00 - Expanding tables for length 1 to character count 4
0:00:00:00 - Trying length 1, fixed @1, character count 4
0:00:00:00 - Expanding tables for length 1 to character count 5
0:00:00:00 - Trying length 1, fixed @1, character count 5
0:00:00:00 - Expanding tables for length 1 to character count 6
0:00:00:00 - Trying length 1, fixed @1, character count 6
0:00:00:00 - Expanding tables for length 1 to character count 7
0:00:00:00 - Trying length 1, fixed @1, character count 7
0:00:00:00 - Expanding tables for length 1 to character count 8
0:00:00:00 - Trying length 1, fixed @1, character count 8
0:00:00:00 - Expanding tables for length 1 to character count 9
0:00:00:00 - Trying length 1, fixed @1, character count 9
0:00:00:00 - Expanding tables for length 1 to character count 10
0:00:00:00 - Trying length 1, fixed @1, character count 10
0:00:00:00 - Expanding tables for length 1 to character count 11
0:00:00:00 - Trying length 1, fixed @1, character count 11
0:00:00:00 - Expanding tables for length 1 to character count 12
0:00:00:00 - Trying length 1, fixed @1, character count 12
0:00:00:00 - Expanding tables for length 1 to character count 13
0:00:00:00 - Trying length 1, fixed @1, character count 13
0:00:00:00 - Expanding tables for length 1 to character count 14
0:00:00:00 - Trying length 1, fixed @1, character count 14
0:00:00:00 - Expanding tables for length 1 to character count 15
0:00:00:00 - Trying length 1, fixed @1, character count 15
0:00:00:00 - Expanding tables for length 1 to character count 16
0:00:00:00 - Trying length 1, fixed @1, character count 16
0:00:00:00 - Expanding tables for length 1 to character count 17
0:00:00:00 - Trying length 1, fixed @1, character count 17
0:00:00:00 - Expanding tables for length 1 to character count 18
0:00:00:00 - Trying length 1, fixed @1, character count 18
0:00:00:00 - Expanding tables for length 1 to character count 19
0:00:00:00 - Trying length 1, fixed @1, character count 19
0:00:00:00 - Expanding tables for length 1 to character count 20
0:00:00:00 - Trying length 1, fixed @1, character count 20
0:00:00:00 - Switching to length 2
0:00:00:00 - Expanding tables for length 2 to character count 1
0:00:00:00 - Trying length 2, fixed @1, character count 1
0:00:00:00 - Switching to length 1
0:00:00:00 - Expanding tables for length 1 to character count 21
0:00:00:00 - Trying length 1, fixed @1, character count 21
0:00:00:00 - Switching to length 2
0:00:00:00 - Expanding tables for length 2 to character count 2
0:00:00:00 - Trying length 2, fixed @1, character count 2
0:00:00:00 - Switching to length 1
0:00:00:00 - Expanding tables for length 1 to character count 22
0:00:00:00 - Trying length 1, fixed @1, character count 22
0:00:00:00 - Expanding tables for length 1 to character count 23
0:00:00:00 - Trying length 1, fixed @1, character count 23
0:00:00:00 - Switching to length 2
0:00:00:00 - Expanding tables for length 2 to character count 3
0:00:00:00 - Trying length 2, fixed @1, character count 3
0:00:00:00 - Switching to length 1
0:00:00:00 - Expanding tables for length 1 to character count 24
0:00:00:00 - Trying length 1, fixed @1, character count 24
0:00:00:00 - Expanding tables for length 1 to character count 25
0:00:00:00 - Trying length 1, fixed @1, character count 25
0:00:00:00 - Switching to length 2
0:00:00:00 - Expanding tables for length 2 to character count 3
0:00:00:00 - Trying length 2, fixed @2, character count 2
0:00:00:00 - Switching to length 1
0:00:00:00 - Expanding tables for length 1 to character count 26
0:00:00:00 - Trying length 1, fixed @1, character count 26
0:00:00:00 - Switching to length 2
0:00:00:00 - Expanding tables for length 2 to character count 4
0:00:00:00 - Trying length 2, fixed @1, character count 4
0:00:00:00 - Trying length 2, fixed @2, character count 3
0:00:00:00 - Trying length 2, fixed @2, character count 4
0:00:00:00 - Switching to length 1
0:00:00:00 - Expanding tables for length 1 to character count 27
0:00:00:00 - Trying length 1, fixed @1, character count 27
0:00:00:00 - Switching to length 2
0:00:00:00 - Expanding tables for length 2 to character count 5
0:00:00:00 - Trying length 2, fixed @2, character count 5
0:00:00:00 - Switching to length 1
0:00:00:00 - Expanding tables for length 1 to character count 28
0:00:00:00 - Trying length 1, fixed @1, character count 28
0:00:00:00 - Switching to length 2
0:00:00:00 - Expanding tables for length 2 to character count 5
0:00:00:00 - Trying length 2, fixed @1, character count 5
0:00:00:00 - Switching to length 1
0:00:00:00 - Expanding tables for length 1 to character count 29
0:00:00:00 - Trying length 1, fixed @1, character count 29
0:00:00:00 - Expanding tables for length 1 to character count 30
0:00:00:00 - Trying length 1, fixed @1, character count 30
0:00:00:00 - Switching to length 2
0:00:00:00 - Expanding tables for length 2 to character count 6
0:00:00:00 - Trying length 2, fixed @1, character count 6
0:00:00:00 - Switching to length 1
0:00:00:00 - Expanding tables for length 1 to character count 31
0:00:00:00 - Trying length 1, fixed @1, character count 31
0:00:00:00 - Switching to length 2
0:00:00:00 - Expanding tables for length 2 to character count 6
0:00:00:00 - Trying length 2, fixed @2, character count 6
0:00:00:00 - Expanding tables for length 2 to character count 7
0:00:00:00 - Trying length 2, fixed @1, character count 7
0:00:00:00 - Switching to length 1
0:00:00:00 - Expanding tables for length 1 to character count 32
0:00:00:00 - Trying length 1, fixed @1, character count 32
0:00:00:00 - Switching to length 3
0:00:00:00 - Expanding tables for length 3 to character count 1
0:00:00:00 - Trying length 3, fixed @1, character count 1
0:00:00:00 - Switching to length 2
0:00:00:00 - Expanding tables for length 2 to character count 7
0:00:00:00 - Trying length 2, fixed @2, character count 7
0:00:00:00 - Switching to length 1
0:00:00:00 - Expanding tables for length 1 to character count 33
0:00:00:00 - Trying length 1, fixed @1, character count 33
0:00:00:00 - Switching to length 2
0:00:00:00 - Expanding tables for length 2 to character count 8
0:00:00:00 - Trying length 2, fixed @1, character count 8
0:00:00:00 - Switching to length 3
0:00:00:00 - Expanding tables for length 3 to character count 2
0:00:00:00 - Trying length 3, fixed @2, character count 2
0:00:00:00 - Switching to length 1
0:00:00:00 - Expanding tables for length 1 to character count 34
0:00:00:00 - Trying length 1, fixed @1, character count 34
0:00:00:00 - Expanding tables for length 1 to character count 35
0:00:00:00 - Trying length 1, fixed @1, character count 35
0:00:00:00 - Switching to length 2
0:00:00:00 - Expanding tables for length 2 to character count 8
0:00:00:00 - Trying length 2, fixed @2, character count 8
0:00:00:00 - Expanding tables for length 2 to character count 9
0:00:00:00 - Trying length 2, fixed @1, character count 9
0:00:00:00 - Trying length 2, fixed @2, character count 9
0:00:00:00 - Switching to length 1
0:00:00:00 - Expanding tables for length 1 to character count 36
0:00:00:00 - Trying length 1, fixed @1, character count 36
0:00:00:00 - Switching to length 2
0:00:00:00 - Expanding tables for length 2 to character count 10
0:00:00:00 - Trying length 2, fixed @2, character count 10
0:00:00:00 - Switching to length 3
0:00:00:00 - Expanding tables for length 3 to character count 2
0:00:00:00 - Trying length 3, fixed @1, character count 2
0:00:00:00 - Switching to length 2
0:00:00:00 - Expanding tables for length 2 to character count 10
0:00:00:00 - Trying length 2, fixed @1, character count 10
0:00:00:00 - Expanding tables for length 2 to character count 11
0:00:00:00 - Trying length 2, fixed @2, character count 11
0:00:00:00 - Trying length 2, fixed @1, character count 11
0:00:00:00 - Expanding tables for length 2 to character count 12
0:00:00:00 - Trying length 2, fixed @2, character count 12
0:00:00:00 - Expanding tables for length 2 to character count 13
0:00:00:00 - Trying length 2, fixed @2, character count 13
0:00:00:00 - Switching to length 1
0:00:00:00 - Expanding tables for length 1 to character count 37
0:00:00:00 - Trying length 1, fixed @1, character count 37
0:00:00:00 - Switching to length 3
0:00:00:00 - Expanding tables for length 3 to character count 2
0:00:00:00 - Trying length 3, fixed @3, character count 2
0:00:00:00 - Switching to length 1
0:00:00:00 - Expanding tables for length 1 to character count 38
0:00:00:00 - Trying length 1, fixed @1, character count 38
0:00:00:00 - Switching to length 2
0:00:00:00 - Expanding tables for length 2 to character count 13
0:00:00:00 - Trying length 2, fixed @1, character count 12
0:00:00:00 - Switching to length 3
0:00:00:00 - Expanding tables for length 3 to character count 3
0:00:00:00 - Trying length 3, fixed @2, character count 3
0:00:00:00 - Switching to length 2
0:00:00:00 - Expanding tables for length 2 to character count 14
0:00:00:00 - Trying length 2, fixed @2, character count 14
0:00:00:00 - Trying length 2, fixed @1, character count 13
0:00:00:00 - Trying length 2, fixed @1, character count 14
0:00:00:00 - Expanding tables for length 2 to character count 15
0:00:00:00 - Trying length 2, fixed @2, character count 15
0:00:00:00 - Switching to length 3
0:00:00:00 - Expanding tables for length 3 to character count 3
0:00:00:00 - Trying length 3, fixed @3, character count 3
0:00:00:00 - Switching to length 2
0:00:00:00 - Expanding tables for length 2 to character count 16
0:00:00:00 - Trying length 2, fixed @2, character count 16
0:00:00:00 - Switching to length 3
0:00:00:00 - Expanding tables for length 3 to character count 3
0:00:00:00 - Trying length 3, fixed @1, character count 3
0:00:00:00 - Switching to length 2
0:00:00:00 - Expanding tables for length 2 to character count 17
0:00:00:00 - Trying length 2, fixed @2, character count 17
0:00:00:00 - Switching to length 3
0:00:00:00 - Expanding tables for length 3 to character count 4
0:00:00:00 - Trying length 3, fixed @2, character count 4
0:00:00:00 - Switching to length 2
0:00:00:00 - Expanding tables for length 2 to character count 17
0:00:00:00 - Trying length 2, fixed @1, character count 15
0:00:00:00 - Expanding tables for length 2 to character count 18
0:00:00:00 - Trying length 2, fixed @2, character count 18
0:00:00:00 - Trying length 2, fixed @1, character count 16
0:00:00:00 - Switching to length 3
0:00:00:00 - Expanding tables for length 3 to character count 4
0:00:00:00 - Trying length 3, fixed @1, character count 4
0:00:00:00 - Switching to length 2
0:00:00:00 - Expanding tables for length 2 to character count 18
0:00:00:00 - Trying length 2, fixed @1, character count 17
0:00:00:00 - Trying length 2, fixed @1, character count 18
0:00:00:00 - Expanding tables for length 2 to character count 19
0:00:00:00 - Trying length 2, fixed @1, character count 19
0:00:00:00 - Switching to length 3
0:00:00:00 - Expanding tables for length 3 to character count 4
0:00:00:00 - Trying length 3, fixed @3, character count 4
0:00:00:00 - Expanding tables for length 3 to character count 5
0:00:00:00 - Trying length 3, fixed @3, character count 5
0:00:00:00 - Switching to length 2
0:00:00:00 - Expanding tables for length 2 to character count 20
0:00:00:00 - Trying length 2, fixed @1, character count 20
0:00:00:00 - Switching to length 1
0:00:00:00 - Expanding tables for length 1 to character count 39
0:00:00:00 - Trying length 1, fixed @1, character count 39
0:00:00:00 - Switching to length 2
0:00:00:00 - Expanding tables for length 2 to character count 21
0:00:00:00 - Trying length 2, fixed @1, character count 21
0:00:00:00 - Expanding tables for length 2 to character count 22
0:00:00:00 - Trying length 2, fixed @1, character count 22
0:00:00:00 - Switching to length 3
0:00:00:00 - Expanding tables for length 3 to character count 5
0:00:00:00 - Trying length 3, fixed @2, character count 5
0:00:00:00 - Trying length 3, fixed @1, character count 5
0:00:00:00 - Switching to length 1
0:00:00:00 - Expanding tables for length 1 to character count 40
0:00:00:00 - Trying length 1, fixed @1, character count 40
0:00:00:00 - Switching to length 3
0:00:00:00 - Expanding tables for length 3 to character count 6
0:00:00:00 - Trying length 3, fixed @3, character count 6
0:00:00:00 - Switching to length 1
0:00:00:00 - Expanding tables for length 1 to character count 41
0:00:00:00 - Trying length 1, fixed @1, character count 41
0:00:00:00 - Switching to length 2
0:00:00:00 - Expanding tables for length 2 to character count 22
0:00:00:00 - Trying length 2, fixed @2, character count 19
0:00:00:00 - Trying length 2, fixed @2, character count 20
0:00:00:00 - Switching to length 3
0:00:00:00 - Expanding tables for length 3 to character count 6
0:00:00:00 - Trying length 3, fixed @1, character count 6
0:00:00:00 - Switching to length 2
0:00:00:00 - Expanding tables for length 2 to character count 23
0:00:00:00 - Trying length 2, fixed @1, character count 23
0:00:00:00 - Switching to length 6
0:00:00:00 - Expanding tables for length 6 to character count 1
0:00:00:00 - Trying length 6, fixed @1, character count 1
0:00:00:00 - Switching to length 2
0:00:00:00 - Expanding tables for length 2 to character count 24
0:00:00:00 - Trying length 2, fixed @1, character count 24
0:00:00:00 - Expanding tables for length 2 to character count 25
0:00:00:00 - Trying length 2, fixed @1, character count 25
0:00:00:00 - Switching to length 1
0:00:00:00 - Expanding tables for length 1 to character count 42
0:00:00:00 - Trying length 1, fixed @1, character count 42
0:00:00:00 - Switching to length 3
0:00:00:00 - Expanding tables for length 3 to character count 6
0:00:00:00 - Trying length 3, fixed @2, character count 6
0:00:00:00 - Expanding tables for length 3 to character count 7
0:00:00:00 - Trying length 3, fixed @3, character count 7
0:00:00:00 - Switching to length 2
0:00:00:00 - Expanding tables for length 2 to character count 25
0:00:00:00 - Trying length 2, fixed @2, character count 21
0:00:00:00 - Switching to length 4
0:00:00:00 - Expanding tables for length 4 to character count 1
0:00:00:00 - Trying length 4, fixed @1, character count 1
0:00:00:00 - Switching to length 3
0:00:00:00 - Expanding tables for length 3 to character count 7
0:00:00:00 - Trying length 3, fixed @1, character count 7
0:00:00:00 - Switching to length 1
0:00:00:00 - Expanding tables for length 1 to character count 43
0:00:00:00 - Trying length 1, fixed @1, character count 43
0:00:00:00 - Switching to length 3
0:00:00:00 - Expanding tables for length 3 to character count 8
0:00:00:00 - Trying length 3, fixed @3, character count 8
0:00:00:00 - Switching to length 2
0:00:00:00 - Expanding tables for length 2 to character count 25
0:00:00:00 - Trying length 2, fixed @2, character count 22
0:00:00:00 - Switching to length 1
0:00:00:00 - Expanding tables for length 1 to character count 44
0:00:00:00 - Trying length 1, fixed @1, character count 44
0:00:00:00 - Expanding tables for length 1 to character count 45
0:00:00:00 - Trying length 1, fixed @1, character count 45
0:00:00:00 - Switching to length 2
0:00:00:00 - Expanding tables for length 2 to character count 25
0:00:00:00 - Trying length 2, fixed @2, character count 23
0:00:00:00 - Switching to length 7
0:00:00:00 - Expanding tables for length 7 to character count 1
0:00:00:00 - Trying length 7, fixed @1, character count 1
0:00:00:00 - Switching to length 2
0:00:00:00 - Expanding tables for length 2 to character count 26
0:00:00:00 - Trying length 2, fixed @1, character count 26
0:00:00:00 - Switching to length 3
0:00:00:00 - Expanding tables for length 3 to character count 8
0:00:00:00 - Trying length 3, fixed @2, character count 7
0:00:00:00 - Switching to length 1
0:00:00:00 - Expanding tables for length 1 to character count 46
0:00:00:00 - Trying length 1, fixed @1, character count 46
0:00:00:00 - Switching to length 3
0:00:00:00 - Expanding tables for length 3 to character count 8
0:00:00:00 - Trying length 3, fixed @1, character count 8
0:00:00:00 - Switching to length 1
0:00:00:00 - Expanding tables for length 1 to character count 47
0:00:00:00 - Trying length 1, fixed @1, character count 47
0:00:00:00 - Switching to length 2
0:00:00:00 - Expanding tables for length 2 to character count 26
0:00:00:00 - Trying length 2, fixed @2, character count 24
0:00:00:00 - Switching to length 3
0:00:00:00 - Expanding tables for length 3 to character count 9
0:00:00:00 - Trying length 3, fixed @3, character count 9
0:00:00:00 - Switching to length 5
0:00:00:00 - Expanding tables for length 5 to character count 1
0:00:00:00 - Trying length 5, fixed @1, character count 1
0:00:00:00 - Switching to length 2
0:00:00:00 - Expanding tables for length 2 to character count 27
0:00:00:00 - Trying length 2, fixed @1, character count 27
0:00:00:00 - Expanding tables for length 2 to character count 28
0:00:00:00 - Trying length 2, fixed @1, character count 28
0:00:00:00 - Switching to length 3
0:00:00:00 - Expanding tables for length 3 to character count 10
0:00:00:00 - Trying length 3, fixed @3, character count 10
0:00:00:00 - Switching to length 4
0:00:00:00 - Expanding tables for length 4 to character count 2
0:00:00:00 - Trying length 4, fixed @3, character count 2
0:00:00:00 - Switching to length 1
0:00:00:00 - Expanding tables for length 1 to character count 48
0:00:00:00 - Trying length 1, fixed @1, character count 48
0:00:00:00 - Switching to length 3
0:00:00:00 - Expanding tables for length 3 to character count 10
0:00:00:00 - Trying length 3, fixed @2, character count 8
0:00:00:00 - Switching to length 2
0:00:00:00 - Expanding tables for length 2 to character count 28
0:00:00:00 - Trying length 2, fixed @2, character count 25
0:00:00:00 - Switching to length 3
0:00:00:00 - Expanding tables for length 3 to character count 10
0:00:00:00 - Trying length 3, fixed @1, character count 9
0:00:00:00 - Switching to length 4
0:00:00:00 - Expanding tables for length 4 to character count 2
0:00:00:00 - Trying length 4, fixed @1, character count 2
0:00:00:00 - Switching to length 2
0:00:00:00 - Expanding tables for length 2 to character count 29
0:00:00:00 - Trying length 2, fixed @1, character count 29
0:00:00:00 - Switching to length 4
0:00:00:00 - Expanding tables for length 4 to character count 2
0:00:00:00 - Trying length 4, fixed @2, character count 2
0:00:00:00 - Switching to length 1
0:00:00:00 - Expanding tables for length 1 to character count 49
0:00:00:00 - Trying length 1, fixed @1, character count 49
0:00:00:00 - Switching to length 3
0:00:00:00 - Expanding tables for length 3 to character count 11
0:00:00:00 - Trying length 3, fixed @3, character count 11
0:00:00:00 - Switching to length 2
0:00:00:00 - Expanding tables for length 2 to character count 30
0:00:00:00 - Trying length 2, fixed @1, character count 30
0:00:00:00 - Switching to length 6
0:00:00:00 - Expanding tables for length 6 to character count 2
0:00:00:00 - Trying length 6, fixed @2, character count 2
0:00:00:00 - Switching to length 2
0:00:00:00 - Expanding tables for length 2 to character count 30
0:00:00:00 - Trying length 2, fixed @2, character count 26
0:00:00:00 - Switching to length 3
0:00:00:00 - Expanding tables for length 3 to character count 11
0:00:00:00 - Trying length 3, fixed @2, character count 9
0:00:00:00 - Trying length 3, fixed @1, character count 10
0:00:00:00 - Switching to length 4
0:00:00:00 - Expanding tables for length 4 to character count 2
0:00:00:00 - Trying length 4, fixed @4, character count 2
0:00:00:00 - Switching to length 6
0:00:00:00 - Expanding tables for length 6 to character count 2
0:00:00:00 - Trying length 6, fixed @6, character count 2
0:00:00:00 - Switching to length 1
0:00:00:00 - Expanding tables for length 1 to character count 50
0:00:00:00 - Trying length 1, fixed @1, character count 50
0:00:00:00 - Switching to length 3
0:00:00:00 - Expanding tables for length 3 to character count 12
0:00:00:00 - Trying length 3, fixed @3, character count 12
0:00:00:00 - Switching to length 2
0:00:00:00 - Expanding tables for length 2 to character count 30
0:00:00:00 - Trying length 2, fixed @2, character count 27
0:00:00:00 - Switching to length 6
0:00:00:00 - Expanding tables for length 6 to character count 2
0:00:00:00 - Trying length 6, fixed @3, character count 2
0:00:00:00 - Switching to length 2
0:00:00:00 - Expanding tables for length 2 to character count 30
0:00:00:00 - Trying length 2, fixed @2, character count 28
0:00:00:00 - Switching to length 5
0:00:00:00 - Expanding tables for length 5 to character count 2
0:00:00:00 - Trying length 5, fixed @2, character count 2
0:00:00:00 - Switching to length 3
0:00:00:00 - Expanding tables for length 3 to character count 12
0:00:00:00 - Trying length 3, fixed @2, character count 10
0:00:00:00 - Switching to length 5
0:00:00:00 - Expanding tables for length 5 to character count 2
0:00:00:00 - Trying length 5, fixed @5, character count 2
0:00:00:00 - Switching to length 2
0:00:00:00 - Expanding tables for length 2 to character count 31
0:00:00:00 - Trying length 2, fixed @1, character count 31
0:00:00:00 - Switching to length 6
0:00:00:00 - Expanding tables for length 6 to character count 2
0:00:00:00 - Trying length 6, fixed @4, character count 2
0:00:00:00 - Switching to length 3
0:00:00:00 - Expanding tables for length 3 to character count 12
0:00:00:00 - Trying length 3, fixed @1, character count 11
0:00:00:00 - Switching to length 1
0:00:00:00 - Expanding tables for length 1 to character count 51
0:00:00:00 - Trying length 1, fixed @1, character count 51
0:00:00:00 - Expanding tables for length 1 to character count 52
0:00:00:00 - Trying length 1, fixed @1, character count 52
0:00:00:00 - Switching to length 3
0:00:00:00 - Expanding tables for length 3 to character count 12
0:00:00:00 - Trying length 3, fixed @2, character count 11
0:00:00:00 - Switching to length 2
0:00:00:00 - Expanding tables for length 2 to character count 31
0:00:00:00 - Trying length 2, fixed @2, character count 29
0:00:00:00 - Switching to length 7
0:00:00:00 - Expanding tables for length 7 to character count 2
0:00:00:00 - Trying length 7, fixed @2, character count 2
0:00:00:00 - Switching to length 5
0:00:00:00 - Expanding tables for length 5 to character count 2
0:00:00:00 - Trying length 5, fixed @3, character count 2
0:00:00:00 - Switching to length 4
0:00:00:00 - Expanding tables for length 4 to character count 3
0:00:00:00 - Trying length 4, fixed @3, character count 3
0:00:00:00 - Trying length 4, fixed @1, character count 3
0:00:00:00 - Switching to length 2
0:00:00:00 - Expanding tables for length 2 to character count 31
0:00:00:00 - Trying length 2, fixed @2, character count 30
0:00:00:00 - Switching to length 3
0:00:00:00 - Expanding tables for length 3 to character count 12
0:00:00:00 - Trying length 3, fixed @2, character count 12
0:00:00:00 - Switching to length 1
0:00:00:00 - Expanding tables for length 1 to character count 53
0:00:00:00 - Trying length 1, fixed @1, character count 53
0:00:00:00 - Switching to length 3
0:00:00:00 - Expanding tables for length 3 to character count 13
0:00:00:00 - Trying length 3, fixed @3, character count 13
0:00:00:00 - Switching to length 4
0:00:00:00 - Expanding tables for length 4 to character count 3
0:00:00:00 - Trying length 4, fixed @2, character count 3
0:00:00:00 - Switching to length 2
0:00:00:00 - Expanding tables for length 2 to character count 31
0:00:00:00 - Trying length 2, fixed @2, character count 31
0:00:00:00 - Switching to length 3
0:00:00:00 - Expanding tables for length 3 to character count 13
0:00:00:00 - Trying length 3, fixed @1, character count 12
0:00:00:00 - Switching to length 1
0:00:00:00 - Expanding tables for length 1 to character count 54
0:00:00:00 - Trying length 1, fixed @1, character count 54
0:00:00:00 - Switching to length 2
0:00:00:00 - Expanding tables for length 2 to character count 32
0:00:00:00 - Trying length 2, fixed @1, character count 32
0:00:00:00 - Switching to length 4
0:00:00:00 - Expanding tables for length 4 to character count 3
0:00:00:00 - Trying length 4, fixed @4, character count 3
0:00:00:00 - Switching to length 5
0:00:00:00 - Expanding tables for length 5 to character count 2
0:00:00:00 - Trying length 5, fixed @4, character count 2
0:00:00:00 - Switching to length 6
0:00:00:00 - Expanding tables for length 6 to character count 2
0:00:00:00 - Trying length 6, fixed @1, character count 2
0:00:00:00 - Switching to length 1
0:00:00:00 - Expanding tables for length 1 to character count 55
0:00:00:00 - Trying length 1, fixed @1, character count 55
0:00:00:00 - Switching to length 3
0:00:00:00 - Expanding tables for length 3 to character count 13
0:00:00:00 - Trying length 3, fixed @1, character count 13
0:00:00:00 - Switching to length 1
0:00:00:00 - Expanding tables for length 1 to character count 56
0:00:00:00 - Trying length 1, fixed @1, character count 56
0:00:00:00 - Switching to length 7
0:00:00:00 - Expanding tables for length 7 to character count 2
0:00:00:00 - Trying length 7, fixed @1, character count 2
0:00:00:00 - Switching to length 2
0:00:00:00 - Expanding tables for length 2 to character count 32
0:00:00:00 - Trying length 2, fixed @2, character count 32
0:00:00:00 - Switching to length 7
0:00:00:00 - Expanding tables for length 7 to character count 2
0:00:00:01 - Trying length 7, fixed @3, character count 2
0:00:00:01 - Switching to length 5
0:00:00:01 - Expanding tables for length 5 to character count 2
0:00:00:01 - Trying length 5, fixed @1, character count 2
0:00:00:01 - Switching to length 7
0:00:00:01 - Expanding tables for length 7 to character count 2
0:00:00:01 - Trying length 7, fixed @7, character count 2
0:00:00:01 - Switching to length 3
0:00:00:01 - Expanding tables for length 3 to character count 13
0:00:00:01 - Trying length 3, fixed @2, character count 13
0:00:00:01 - Switching to length 2
0:00:00:01 - Expanding tables for length 2 to character count 33
0:00:00:01 - Trying length 2, fixed @2, character count 33
0:00:00:01 - Switching to length 3
0:00:00:01 - Expanding tables for length 3 to character count 14
0:00:00:01 - Trying length 3, fixed @1, character count 14
0:00:00:01 - Switching to length 2
0:00:00:01 - Expanding tables for length 2 to character count 34
0:00:00:01 - Trying length 2, fixed @2, character count 34
0:00:00:01 - Switching to length 3
0:00:00:01 - Expanding tables for length 3 to character count 14
0:00:00:01 - Trying length 3, fixed @3, character count 14
0:00:00:01 - Switching to length 7
0:00:00:01 - Expanding tables for length 7 to character count 2
0:00:00:01 - Trying length 7, fixed @5, character count 2
0:00:00:01 - Switching to length 3
0:00:00:01 - Expanding tables for length 3 to character count 14
0:00:00:01 - Trying length 3, fixed @2, character count 14
0:00:00:01 - Switching to length 4
0:00:00:01 - Expanding tables for length 4 to character count 4
0:00:00:01 - Trying length 4, fixed @3, character count 4
0:00:00:01 - Switching to length 2
0:00:00:01 - Expanding tables for length 2 to character count 34
0:00:00:01 - Trying length 2, fixed @1, character count 33
0:00:00:01 - Switching to length 6
0:00:00:01 - Expanding tables for length 6 to character count 2
0:00:00:01 - Trying length 6, fixed @5, character count 2
0:00:00:01 - Switching to length 7
0:00:00:01 - Expanding tables for length 7 to character count 2
0:00:00:01 - Trying length 7, fixed @6, character count 2
0:00:00:01 - Switching to length 4
0:00:00:01 - Expanding tables for length 4 to character count 4
0:00:00:01 - Trying length 4, fixed @4, character count 4
0:00:00:01 - Switching to length 3
0:00:00:01 - Expanding tables for length 3 to character count 15
0:00:00:01 - Trying length 3, fixed @2, character count 15
0:00:00:01 - Switching to length 2
0:00:00:01 - Expanding tables for length 2 to character count 34
0:00:00:01 - Trying length 2, fixed @1, character count 34
0:00:00:01 - Switching to length 1
0:00:00:01 - Expanding tables for length 1 to character count 57
0:00:00:01 - Trying length 1, fixed @1, character count 57
0:00:00:01 - Switching to length 3
0:00:00:01 - Expanding tables for length 3 to character count 15
0:00:00:01 - Trying length 3, fixed @1, character count 15
0:00:00:01 - Switching to length 4
0:00:00:01 - Expanding tables for length 4 to character count 5
0:00:00:01 - Trying length 4, fixed @4, character count 5
0:00:00:01 - Switching to length 2
0:00:00:01 - Expanding tables for length 2 to character count 35
0:00:00:01 - Trying length 2, fixed @1, character count 35
0:00:00:01 - Switching to length 1
0:00:00:01 - Expanding tables for length 1 to character count 58
0:00:00:01 - Trying length 1, fixed @1, character count 58
0:00:00:01 - Switching to length 4
0:00:00:01 - Expanding tables for length 4 to character count 5
0:00:00:01 - Trying length 4, fixed @2, character count 4
0:00:00:01 - Switching to length 5
0:00:00:01 - Expanding tables for length 5 to character count 3
0:00:00:01 - Trying length 5, fixed @2, character count 3
0:00:00:01 - Switching to length 3
0:00:00:01 - Expanding tables for length 3 to character count 15
0:00:00:01 - Trying length 3, fixed @3, character count 15
0:00:00:01 - Expanding tables for length 3 to character count 16
0:00:00:01 - Trying length 3, fixed @2, character count 16
0:00:00:01 - Switching to length 7
0:00:00:01 - Expanding tables for length 7 to character count 2
0:00:00:01 - Trying length 7, fixed @4, character count 2
0:00:00:01 - Switching to length 2
0:00:00:01 - Expanding tables for length 2 to character count 35
0:00:00:01 - Trying length 2, fixed @2, character count 35
0:00:00:01 - Switching to length 5
0:00:00:01 - Expanding tables for length 5 to character count 3
0:00:00:01 - Trying length 5, fixed @5, character count 3
0:00:00:01 - Switching to length 3
0:00:00:01 - Expanding tables for length 3 to character count 16
0:00:00:01 - Trying length 3, fixed @1, character count 16
0:00:00:01 - Expanding tables for length 3 to character count 17
0:00:00:01 - Trying length 3, fixed @2, character count 17
0:00:00:01 - Switching to length 4
0:00:00:01 - Expanding tables for length 4 to character count 5
0:00:00:01 - Trying length 4, fixed @1, character count 4
0:00:00:01 - Trying length 4, fixed @2, character count 5
0:00:00:01 - Switching to length 3
0:00:00:01 - Expanding tables for length 3 to character count 17
0:00:00:01 - Trying length 3, fixed @3, character count 16
0:00:00:01 - Switching to length 4
0:00:00:01 - Expanding tables for length 4 to character count 5
0:00:00:01 - Trying length 4, fixed @1, character count 5
0:00:00:01 - Switching to length 3
0:00:00:01 - Expanding tables for length 3 to character count 18
0:00:00:01 - Trying length 3, fixed @2, character count 18
0:00:00:01 - Switching to length 2
0:00:00:01 - Expanding tables for length 2 to character count 36
0:00:00:01 - Trying length 2, fixed @2, character count 36
0:00:00:01 - Switching to length 5
0:00:00:01 - Expanding tables for length 5 to character count 3
0:00:00:01 - Trying length 5, fixed @3, character count 3
0:00:00:01 - Switching to length 3
0:00:00:01 - Expanding tables for length 3 to character count 18
0:00:00:01 - Trying length 3, fixed @3, character count 17
0:00:00:01 - Trying length 3, fixed @1, character count 17
0:00:00:01 - Switching to length 6
0:00:00:01 - Expanding tables for length 6 to character count 3
0:00:00:01 - Trying length 6, fixed @2, character count 3
0:00:00:01 - Trying length 6, fixed @6, character count 3
0:00:00:01 - Switching to length 3
0:00:00:01 - Expanding tables for length 3 to character count 18
0:00:00:01 - Trying length 3, fixed @1, character count 18
0:00:00:01 - Switching to length 1
0:00:00:01 - Expanding tables for length 1 to character count 59
0:00:00:01 - Trying length 1, fixed @1, character count 59
0:00:00:01 - Switching to length 6
0:00:00:01 - Expanding tables for length 6 to character count 3
0:00:00:01 - Trying length 6, fixed @3, character count 3
0:00:00:01 - Switching to length 3
0:00:00:01 - Expanding tables for length 3 to character count 19
0:00:00:01 - Trying length 3, fixed @1, character count 19
0:00:00:01 - Switching to length 1
0:00:00:01 - Expanding tables for length 1 to character count 60
0:00:00:01 - Trying length 1, fixed @1, character count 60
0:00:00:01 - Switching to length 5
0:00:00:01 - Expanding tables for length 5 to character count 3
0:00:00:01 - Trying length 5, fixed @4, character count 3
0:00:00:01 - Switching to length 3
0:00:00:01 - Expanding tables for length 3 to character count 19
0:00:00:01 - Trying length 3, fixed @3, character count 18
0:00:00:01 - Switching to length 4
0:00:00:01 - Expanding tables for length 4 to character count 5
0:00:00:01 - Trying length 4, fixed @3, character count 5
0:00:00:01 - Switching to length 1
0:00:00:01 - Expanding tables for length 1 to character count 61
0:00:00:01 - Trying length 1, fixed @1, character count 61
0:00:00:01 - Expanding tables for length 1 to character count 62
0:00:00:01 - Trying length 1, fixed @1, character count 62
0:00:00:01 - Switching to length 2
0:00:00:01 - Expanding tables for length 2 to character count 37
0:00:00:01 - Trying length 2, fixed @2, character count 37
0:00:00:01 - Switching to length 3
0:00:00:01 - Expanding tables for length 3 to character count 19
0:00:00:01 - Trying length 3, fixed @2, character count 19
0:00:00:01 - Switching to length 4
0:00:00:01 - Expanding tables for length 4 to character count 6
0:00:00:01 - Trying length 4, fixed @1, character count 6
0:00:00:01 - Switching to length 6
0:00:00:01 - Expanding tables for length 6 to character count 3
0:00:00:01 - Trying length 6, fixed @1, character count 3
0:00:00:01 - Switching to length 3
0:00:00:01 - Expanding tables for length 3 to character count 20
0:00:00:01 - Trying length 3, fixed @1, character count 20
0:00:00:01 - Switching to length 5
0:00:00:01 - Expanding tables for length 5 to character count 3
0:00:00:01 - Trying length 5, fixed @1, character count 3
0:00:00:01 - Switching to length 7
0:00:00:01 - Expanding tables for length 7 to character count 3
0:00:00:01 - Trying length 7, fixed @2, character count 3
0:00:00:01 - Switching to length 4
0:00:00:01 - Expanding tables for length 4 to character count 6
0:00:00:01 - Trying length 4, fixed @2, character count 6
0:00:00:01 - Switching to length 3
0:00:00:01 - Expanding tables for length 3 to character count 21
0:00:00:01 - Trying length 3, fixed @1, character count 21
0:00:00:01 - Switching to length 6
0:00:00:01 - Expanding tables for length 6 to character count 3
0:00:00:01 - Trying length 6, fixed @5, character count 3
0:00:00:01 - Switching to length 2
0:00:00:01 - Expanding tables for length 2 to character count 38
0:00:00:01 - Trying length 2, fixed @2, character count 38
0:00:00:01 - Switching to length 5
0:00:00:01 - Expanding tables for length 5 to character count 4
0:00:00:01 - Trying length 5, fixed @2, character count 4
0:00:00:01 - Switching to length 6
0:00:00:01 - Expanding tables for length 6 to character count 3
0:00:00:01 - Trying length 6, fixed @4, character count 3
0:00:00:01 - Switching to length 7
0:00:00:01 - Expanding tables for length 7 to character count 3
0:00:00:01 - Trying length 7, fixed @3, character count 3
0:00:00:01 - Switching to length 4
0:00:00:01 - Expanding tables for length 4 to character count 6
0:00:00:01 - Trying length 4, fixed @3, character count 6
0:00:00:01 - Trying length 4, fixed @4, character count 6
0:00:00:01 - Switching to length 1
0:00:00:01 - Expanding tables for length 1 to character count 63
0:00:00:01 - Trying length 1, fixed @1, character count 63
0:00:00:01 - Switching to length 2
0:00:00:01 - Expanding tables for length 2 to character count 38
0:00:00:01 - Trying length 2, fixed @1, character count 36
0:00:00:01 - Switching to length 7
0:00:00:02 - Expanding tables for length 7 to character count 3
0:00:00:02 - Trying length 7, fixed @5, character count 3
0:00:00:02 - Switching to length 3
0:00:00:02 - Expanding tables for length 3 to character count 21
0:00:00:02 - Trying length 3, fixed @2, character count 20
0:00:00:02 - Switching to length 5
0:00:00:02 - Expanding tables for length 5 to character count 4
0:00:00:02 - Trying length 5, fixed @5, character count 4
0:00:00:02 - Trying length 5, fixed @3, character count 4
0:00:00:02 - Switching to length 2
0:00:00:02 - Expanding tables for length 2 to character count 38
0:00:00:02 - Trying length 2, fixed @1, character count 37
0:00:00:02 - Switching to length 3
0:00:00:02 - Expanding tables for length 3 to character count 22
0:00:00:02 - Trying length 3, fixed @1, character count 22
0:00:00:02 - Switching to length 4
0:00:00:02 - Expanding tables for length 4 to character count 7
0:00:00:02 - Trying length 4, fixed @1, character count 7
0:00:00:02 - Switching to length 1
0:00:00:02 - Expanding tables for length 1 to character count 64
0:00:00:02 - Trying length 1, fixed @1, character count 64
0:00:00:02 - Switching to length 3
0:00:00:02 - Expanding tables for length 3 to character count 23
0:00:00:02 - Trying length 3, fixed @1, character count 23
0:00:00:02 - Switching to length 7
0:00:00:02 - Expanding tables for length 7 to character count 3
0:00:00:02 - Trying length 7, fixed @4, character count 3
0:00:00:02 - Switching to length 5
0:00:00:02 - Expanding tables for length 5 to character count 5
0:00:00:02 - Trying length 5, fixed @2, character count 5
0:00:00:02 - Trying length 5, fixed @5, character count 5
0:00:00:02 - Switching to length 7
0:00:00:02 - Expanding tables for length 7 to character count 3
0:00:00:02 - Trying length 7, fixed @7, character count 3
0:00:00:02 - Switching to length 6
0:00:00:02 - Expanding tables for length 6 to character count 4
0:00:00:02 - Trying length 6, fixed @6, character count 4
0:00:00:02 - Switching to length 1
0:00:00:02 - Expanding tables for length 1 to character count 65
0:00:00:02 - Trying length 1, fixed @1, character count 65
0:00:00:02 - Switching to length 3
0:00:00:02 - Expanding tables for length 3 to character count 23
0:00:00:02 - Trying length 3, fixed @3, character count 19
0:00:00:02 - Switching to length 1
0:00:00:02 - Expanding tables for length 1 to character count 66
0:00:00:02 - Trying length 1, fixed @1, character count 66
0:00:00:02 - Switching to length 7
0:00:00:02 - Expanding tables for length 7 to character count 3
0:00:00:02 - Trying length 7, fixed @1, character count 3
0:00:00:02 - Switching to length 4
0:00:00:02 - Expanding tables for length 4 to character count 7
0:00:00:02 - Trying length 4, fixed @2, character count 7
0:00:00:02 - Switching to length 3
0:00:00:02 - Expanding tables for length 3 to character count 23
0:00:00:02 - Trying length 3, fixed @2, character count 21
0:00:00:02 - Switching to length 5
0:00:00:02 - Expanding tables for length 5 to character count 5
0:00:00:02 - Trying length 5, fixed @3, character count 5
0:00:00:02 - Switching to length 4
0:00:00:02 - Expanding tables for length 4 to character count 7
0:00:00:02 - Trying length 4, fixed @4, character count 7
0:00:00:02 - Switching to length 3
0:00:00:02 - Expanding tables for length 3 to character count 24
0:00:00:02 - Trying length 3, fixed @1, character count 24
0:00:00:02 - Switching to length 6
0:00:00:02 - Expanding tables for length 6 to character count 4
0:00:00:02 - Trying length 6, fixed @2, character count 4
0:00:00:02 - Switching to length 7
0:00:00:02 - Expanding tables for length 7 to character count 3
0:00:00:02 - Trying length 7, fixed @6, character count 3
0:00:00:02 - Switching to length 3
0:00:00:02 - Expanding tables for length 3 to character count 24
0:00:00:02 - Trying length 3, fixed @3, character count 20
0:00:00:02 - Switching to length 4
0:00:00:02 - Expanding tables for length 4 to character count 7
0:00:00:02 - Trying length 4, fixed @3, character count 7
0:00:00:02 - Switching to length 3
0:00:00:02 - Expanding tables for length 3 to character count 24
0:00:00:02 - Trying length 3, fixed @2, character count 22
0:00:00:02 - Switching to length 6
0:00:00:02 - Expanding tables for length 6 to character count 4
0:00:00:02 - Trying length 6, fixed @3, character count 4
0:00:00:02 - Switching to length 1
0:00:00:02 - Expanding tables for length 1 to character count 67
0:00:00:02 - Trying length 1, fixed @1, character count 67
0:00:00:02 - Switching to length 6
0:00:00:02 - Expanding tables for length 6 to character count 5
0:00:00:02 - Trying length 6, fixed @2, character count 5
0:00:00:02 - Switching to length 3
0:00:00:02 - Expanding tables for length 3 to character count 25
0:00:00:02 - Trying length 3, fixed @1, character count 25
0:00:00:02 - Switching to length 4
0:00:00:02 - Expanding tables for length 4 to character count 8
0:00:00:02 - Trying length 4, fixed @1, character count 8
0:00:00:02 - Switching to length 3
0:00:00:02 - Expanding tables for length 3 to character count 26
0:00:00:02 - Trying length 3, fixed @1, character count 26
0:00:00:02 - Expanding tables for length 3 to character count 27
0:00:00:02 - Trying length 3, fixed @1, character count 27
0:00:00:02 - Switching to length 2
0:00:00:02 - Expanding tables for length 2 to character count 38
0:00:00:02 - Trying length 2, fixed @1, character count 38
0:00:00:02 - Switching to length 5
0:00:00:02 - Expanding tables for length 5 to character count 5
0:00:00:02 - Trying length 5, fixed @4, character count 4
0:00:00:02 - Trying length 5, fixed @1, character count 4
0:00:00:02 - Switching to length 6
0:00:00:02 - Expanding tables for length 6 to character count 5
0:00:00:02 - Trying length 6, fixed @5, character count 4
0:00:00:02 - Switching to length 3
0:00:00:02 - Expanding tables for length 3 to character count 27
0:00:00:02 - Trying length 3, fixed @2, character count 23
0:00:00:02 - Switching to length 4
0:00:00:02 - Expanding tables for length 4 to character count 8
0:00:00:02 - Trying length 4, fixed @4, character count 8
0:00:00:02 - Switching to length 5
0:00:00:02 - Expanding tables for length 5 to character count 5
0:00:00:02 - Trying length 5, fixed @4, character count 5
0:00:00:02 - Switching to length 3
0:00:00:02 - Expanding tables for length 3 to character count 27
0:00:00:02 - Trying length 3, fixed @2, character count 24
0:00:00:02 - Switching to length 2
0:00:00:02 - Expanding tables for length 2 to character count 39
0:00:00:02 - Trying length 2, fixed @2, character count 39
0:00:00:02 - Switching to length 4
0:00:00:02 - Expanding tables for length 4 to character count 8
0:00:00:02 - Trying length 4, fixed @2, character count 8
0:00:00:02 - Switching to length 2
0:00:00:02 - Expanding tables for length 2 to character count 39
0:00:00:02 - Trying length 2, fixed @1, character count 39
0:00:00:02 - Switching to length 4
0:00:00:02 - Expanding tables for length 4 to character count 8
0:00:00:02 - Trying length 4, fixed @3, character count 8
0:00:00:02 - Switching to length 6
0:00:00:02 - Expanding tables for length 6 to character count 5
0:00:00:02 - Trying length 6, fixed @1, character count 4
0:00:00:02 - Switching to length 5
0:00:00:02 - Expanding tables for length 5 to character count 5
0:00:00:02 - Trying length 5, fixed @1, character count 5
0:00:00:02 - Switching to length 2
0:00:00:02 - Expanding tables for length 2 to character count 40
0:00:00:02 - Trying length 2, fixed @1, character count 40
0:00:00:02 - Switching to length 6
0:00:00:02 - Expanding tables for length 6 to character count 5
0:00:00:02 - Trying length 6, fixed @1, character count 5
0:00:00:02 - Trying length 6, fixed @3, character count 5
0:00:00:02 - Switching to length 3
0:00:00:02 - Expanding tables for length 3 to character count 28
0:00:00:02 - Trying length 3, fixed @1, character count 28
0:00:00:02 - Expanding tables for length 3 to character count 29
0:00:00:02 - Trying length 3, fixed @1, character count 29
0:00:00:02 - Switching to length 2
0:00:00:02 - Expanding tables for length 2 to character count 40
0:00:00:02 - Trying length 2, fixed @2, character count 40
0:00:00:02 - Switching to length 6
0:00:00:02 - Expanding tables for length 6 to character count 5
0:00:00:02 - Trying length 6, fixed @5, character count 5
0:00:00:02 - Switching to length 3
0:00:00:02 - Expanding tables for length 3 to character count 29
0:00:00:02 - Trying length 3, fixed @2, character count 25
0:00:00:02 - Switching to length 4
0:00:00:02 - Expanding tables for length 4 to character count 9
0:00:00:02 - Trying length 4, fixed @1, character count 9
0:00:00:02 - Switching to length 7
0:00:00:03 - Expanding tables for length 7 to character count 4
0:00:00:03 - Trying length 7, fixed @2, character count 4
0:00:00:03 - Switching to length 1
0:00:00:03 - Expanding tables for length 1 to character count 68
0:00:00:03 - Trying length 1, fixed @1, character count 68
0:00:00:03 - Switching to length 5
0:00:00:03 - Expanding tables for length 5 to character count 6
0:00:00:03 - Trying length 5, fixed @3, character count 6
0:00:00:03 - Switching to length 2
0:00:00:03 - Expanding tables for length 2 to character count 41
0:00:00:03 - Trying length 2, fixed @2, character count 41
0:00:00:03 - Switching to length 4
0:00:00:03 - Expanding tables for length 4 to character count 9
0:00:00:03 - Trying length 4, fixed @4, character count 9
0:00:00:03 - Switching to length 6
0:00:00:03 - Expanding tables for length 6 to character count 5
0:00:00:03 - Trying length 6, fixed @4, character count 4
0:00:00:03 - Switching to length 3
0:00:00:03 - Expanding tables for length 3 to character count 29
0:00:00:03 - Trying length 3, fixed @3, character count 21
0:00:00:03 - Switching to length 6
0:00:00:03 - Expanding tables for length 6 to character count 5
0:00:00:03 - Trying length 6, fixed @6, character count 5
0:00:00:03 - Switching to length 5
0:00:00:03 - Expanding tables for length 5 to character count 6
0:00:00:03 - Trying length 5, fixed @5, character count 6
0:00:00:03 - Switching to length 4
0:00:00:03 - Expanding tables for length 4 to character count 9
0:00:00:03 - Trying length 4, fixed @2, character count 9
0:00:00:03 - Switching to length 2
0:00:00:03 - Expanding tables for length 2 to character count 41
0:00:00:03 - Trying length 2, fixed @1, character count 41
0:00:00:03 - Switching to length 3
0:00:00:03 - Expanding tables for length 3 to character count 29
0:00:00:03 - Trying length 3, fixed @3, character count 22
0:00:00:03 - Trying length 3, fixed @2, character count 26
0:00:00:03 - Switching to length 2
0:00:00:03 - Expanding tables for length 2 to character count 42
0:00:00:03 - Trying length 2, fixed @2, character count 42
0:00:00:03 - Switching to length 4
0:00:00:03 - Expanding tables for length 4 to character count 9
0:00:00:03 - Trying length 4, fixed @3, character count 9
0:00:00:03 - Switching to length 7
0:00:00:03 - Expanding tables for length 7 to character count 4
0:00:00:03 - Trying length 7, fixed @1, character count 4
0:00:00:03 - Switching to length 3
0:00:00:03 - Expanding tables for length 3 to character count 29
0:00:00:03 - Trying length 3, fixed @3, character count 23
0:00:00:03 - Switching to length 2
0:00:00:03 - Expanding tables for length 2 to character count 43
0:00:00:03 - Trying length 2, fixed @2, character count 43
0:00:00:03 - Switching to length 7
0:00:00:03 - Expanding tables for length 7 to character count 4
0:00:00:03 - Trying length 7, fixed @6, character count 4
0:00:00:03 - Switching to length 2
0:00:00:03 - Expanding tables for length 2 to character count 44
0:00:00:03 - Trying length 2, fixed @2, character count 44
0:00:00:03 - Switching to length 5
0:00:00:03 - Expanding tables for length 5 to character count 6
0:00:00:03 - Trying length 5, fixed @4, character count 6
0:00:00:03 - Switching to length 4
0:00:00:03 - Expanding tables for length 4 to character count 10
0:00:00:03 - Trying length 4, fixed @4, character count 10
0:00:00:03 - Switching to length 6
0:00:00:03 - Expanding tables for length 6 to character count 5
0:00:00:03 - Trying length 6, fixed @4, character count 5
0:00:00:03 - Switching to length 2
0:00:00:03 - Expanding tables for length 2 to character count 44
0:00:00:03 - Trying length 2, fixed @1, character count 42
0:00:00:03 - Switching to length 7
0:00:00:03 - Expanding tables for length 7 to character count 4
0:00:00:03 - Trying length 7, fixed @3, character count 4
0:00:00:03 - Switching to length 4
0:00:00:03 - Expanding tables for length 4 to character count 10
0:00:00:03 - Trying length 4, fixed @2, character count 10
0:00:00:03 - Switching to length 7
0:00:00:03 - Expanding tables for length 7 to character count 5
0:00:00:03 - Trying length 7, fixed @6, character count 5
0:00:00:03 - Switching to length 2
0:00:00:03 - Expanding tables for length 2 to character count 45
0:00:00:03 - Trying length 2, fixed @2, character count 45
0:00:00:03 - Switching to length 3
0:00:00:03 - Expanding tables for length 3 to character count 29
0:00:00:03 - Trying length 3, fixed @2, character count 27
0:00:00:03 - Expanding tables for length 3 to character count 30
0:00:00:03 - Trying length 3, fixed @1, character count 30
0:00:00:03 - Switching to length 4
0:00:00:03 - Expanding tables for length 4 to character count 10
0:00:00:03 - Trying length 4, fixed @3, character count 10
0:00:00:03 - Switching to length 7
0:00:00:03 - Expanding tables for length 7 to character count 5
0:00:00:03 - Trying length 7, fixed @1, character count 5
0:00:00:03 - Switching to length 2
0:00:00:03 - Expanding tables for length 2 to character count 46
0:00:00:03 - Trying length 2, fixed @2, character count 46
0:00:00:03 - Switching to length 5
0:00:00:03 - Expanding tables for length 5 to character count 6
0:00:00:03 - Trying length 5, fixed @2, character count 6
0:00:00:03 - Switching to length 4
0:00:00:03 - Expanding tables for length 4 to character count 10
0:00:00:03 - Trying length 4, fixed @1, character count 10
0:00:00:03 - Switching to length 7
0:00:00:03 - Expanding tables for length 7 to character count 5
0:00:00:03 - Trying length 7, fixed @3, character count 5
0:00:00:03 - Switching to length 5
0:00:00:03 - Expanding tables for length 5 to character count 6
0:00:00:03 - Trying length 5, fixed @1, character count 6
0:00:00:03 - Switching to length 1
0:00:00:03 - Expanding tables for length 1 to character count 69
0:00:00:03 - Trying length 1, fixed @1, character count 69
0:00:00:03 - Switching to length 3
0:00:00:03 - Expanding tables for length 3 to character count 30
0:00:00:03 - Trying length 3, fixed @3, character count 24
0:00:00:03 - Switching to length 4
0:00:00:03 - Expanding tables for length 4 to character count 11
0:00:00:03 - Trying length 4, fixed @4, character count 11
0:00:00:03 - Switching to length 6
0:00:00:03 - Expanding tables for length 6 to character count 6
0:00:00:03 - Trying length 6, fixed @5, character count 6
0:00:00:03 - Switching to length 3
0:00:00:03 - Expanding tables for length 3 to character count 30
0:00:00:03 - Trying length 3, fixed @2, character count 28
0:00:00:03 - Trying length 3, fixed @2, character count 29
0:00:00:03 - Switching to length 7
0:00:00:03 - Expanding tables for length 7 to character count 5
0:00:00:03 - Trying length 7, fixed @4, character count 4
0:00:00:03 - Switching to length 5
0:00:00:03 - Expanding tables for length 5 to character count 7
0:00:00:03 - Trying length 5, fixed @5, character count 7
0:00:00:03 - Switching to length 6
0:00:00:03 - Expanding tables for length 6 to character count 6
0:00:00:03 - Trying length 6, fixed @3, character count 6
0:00:00:03 - Switching to length 1
0:00:00:03 - Expanding tables for length 1 to character count 70
0:00:00:03 - Trying length 1, fixed @1, character count 70
0:00:00:03 - Switching to length 4
0:00:00:03 - Expanding tables for length 4 to character count 11
0:00:00:03 - Trying length 4, fixed @3, character count 11
0:00:00:03 - Switching to length 5
0:00:00:03 - Expanding tables for length 5 to character count 7
0:00:00:03 - Trying length 5, fixed @3, character count 7
0:00:00:03 - Switching to length 2
0:00:00:03 - Expanding tables for length 2 to character count 46
0:00:00:03 - Trying length 2, fixed @1, character count 43
0:00:00:03 - Expanding tables for length 2 to character count 47
0:00:00:03 - Trying length 2, fixed @2, character count 47
0:00:00:03 - Switching to length 4
0:00:00:03 - Expanding tables for length 4 to character count 12
0:00:00:04 - Trying length 4, fixed @4, character count 12
0:00:00:04 - Switching to length 6
0:00:00:04 - Expanding tables for length 6 to character count 6
0:00:00:04 - Trying length 6, fixed @6, character count 6
0:00:00:04 - Switching to length 3
0:00:00:04 - Expanding tables for length 3 to character count 30
0:00:00:04 - Trying length 3, fixed @3, character count 25
0:00:00:04 - Trying length 3, fixed @3, character count 26
0:00:00:04 - Switching to length 4
0:00:00:04 - Expanding tables for length 4 to character count 12
0:00:00:04 - Trying length 4, fixed @1, character count 11
0:00:00:04 - Switching to length 7
0:00:00:04 - Expanding tables for length 7 to character count 5
0:00:00:04 - Trying length 7, fixed @7, character count 4
0:00:00:04 - Trying length 7, fixed @2, character count 5
0:00:00:04 - Switching to length 4
0:00:00:04 - Expanding tables for length 4 to character count 12
0:00:00:04 - Trying length 4, fixed @2, character count 11
0:00:00:04 - Switching to length 3
0:00:00:04 - Expanding tables for length 3 to character count 30
0:00:00:04 - Trying length 3, fixed @2, character count 30
0:00:00:04 - Switching to length 4
0:00:00:04 - Expanding tables for length 4 to character count 13
0:00:00:04 - Trying length 4, fixed @4, character count 13
0:00:00:04 - Switching to length 1
0:00:00:04 - Expanding tables for length 1 to character count 71
0:00:00:04 - Trying length 1, fixed @1, character count 71
0:00:00:04 - Switching to length 5
0:00:00:04 - Expanding tables for length 5 to character count 7
0:00:00:04 - Trying length 5, fixed @2, character count 7
0:00:00:04 - Switching to length 7
0:00:00:04 - Expanding tables for length 7 to character count 5
0:00:00:04 - Trying length 7, fixed @7, character count 5
0:00:00:04 - Switching to length 6
0:00:00:04 - Expanding tables for length 6 to character count 6
0:00:00:04 - Trying length 6, fixed @2, character count 6
0:00:00:04 - Switching to length 1
0:00:00:04 - Expanding tables for length 1 to character count 72
0:00:00:04 - Trying length 1, fixed @1, character count 72
0:00:00:04 - Switching to length 6
0:00:00:04 - Expanding tables for length 6 to character count 6
0:00:00:04 - Trying length 6, fixed @1, character count 6
0:00:00:04 - Switching to length 5
0:00:00:04 - Expanding tables for length 5 to character count 7
0:00:00:04 - Trying length 5, fixed @4, character count 7
0:00:00:04 - Switching to length 2
0:00:00:04 - Expanding tables for length 2 to character count 48
0:00:00:04 - Trying length 2, fixed @2, character count 48
0:00:00:04 - Switching to length 4
0:00:00:04 - Expanding tables for length 4 to character count 13
0:00:00:04 - Trying length 4, fixed @3, character count 12
0:00:00:04 - Switching to length 1
0:00:00:04 - Expanding tables for length 1 to character count 73
0:00:00:04 - Trying length 1, fixed @1, character count 73
0:00:00:04 - Switching to length 5
0:00:00:04 - Expanding tables for length 5 to character count 7
0:00:00:04 - Trying length 5, fixed @1, character count 7
0:00:00:04 - Switching to length 3
0:00:00:04 - Expanding tables for length 3 to character count 30
0:00:00:04 - Trying length 3, fixed @3, character count 27
0:00:00:04 - Expanding tables for length 3 to character count 31
0:00:00:04 - Trying length 3, fixed @2, character count 31
0:00:00:04 - Switching to length 4
0:00:00:04 - Expanding tables for length 4 to character count 13
0:00:00:04 - Trying length 4, fixed @2, character count 12
0:00:00:04 - Switching to length 3
0:00:00:04 - Expanding tables for length 3 to character count 31
0:00:00:04 - Trying length 3, fixed @1, character count 31
0:00:00:04 - Switching to length 6
0:00:00:04 - Expanding tables for length 6 to character count 6
0:00:00:04 - Trying length 6, fixed @4, character count 6
0:00:00:04 - Switching to length 7
0:00:00:04 - Expanding tables for length 7 to character count 5
0:00:00:04 - Trying length 7, fixed @5, character count 4
0:00:00:04 - Switching to length 4
0:00:00:04 - Expanding tables for length 4 to character count 13
0:00:00:04 - Trying length 4, fixed @1, character count 12
0:00:00:04 - Switching to length 7
0:00:00:04 - Expanding tables for length 7 to character count 5
0:00:00:04 - Trying length 7, fixed @5, character count 5
0:00:00:04 - Switching to length 4
0:00:00:04 - Expanding tables for length 4 to character count 14
0:00:00:04 - Trying length 4, fixed @4, character count 14
0:00:00:04 - Switching to length 2
0:00:00:04 - Expanding tables for length 2 to character count 49
0:00:00:04 - Trying length 2, fixed @2, character count 49
0:00:00:04 - Switching to length 7
0:00:00:04 - Expanding tables for length 7 to character count 5
0:00:00:04 - Trying length 7, fixed @4, character count 5
0:00:00:04 - Switching to length 6
0:00:00:04 - Expanding tables for length 6 to character count 7
0:00:00:04 - Trying length 6, fixed @5, character count 7
0:00:00:04 - Switching to length 3
0:00:00:04 - Expanding tables for length 3 to character count 31
0:00:00:04 - Trying length 3, fixed @3, character count 28
0:00:00:04 - Switching to length 4
0:00:00:04 - Expanding tables for length 4 to character count 15
0:00:00:04 - Trying length 4, fixed @4, character count 15
0:00:00:04 - Switching to length 5
0:00:00:04 - Expanding tables for length 5 to character count 8
0:00:00:04 - Trying length 5, fixed @1, character count 8
0:00:00:04 - Switching to length 3
0:00:00:04 - Expanding tables for length 3 to character count 31
0:00:00:04 - Trying length 3, fixed @3, character count 29
0:00:00:04 - Switching to length 2
0:00:00:04 - Expanding tables for length 2 to character count 50
0:00:00:04 - Trying length 2, fixed @2, character count 50
0:00:00:04 - Switching to length 5
0:00:00:04 - Expanding tables for length 5 to character count 8
0:00:00:04 - Trying length 5, fixed @3, character count 8
0:00:00:04 - Switching to length 6
0:00:00:04 - Expanding tables for length 6 to character count 7
0:00:00:04 - Trying length 6, fixed @6, character count 7
0:00:00:04 - Switching to length 4
0:00:00:04 - Expanding tables for length 4 to character count 15
0:00:00:04 - Trying length 4, fixed @3, character count 13
0:00:00:04 - Switching to length 2
0:00:00:04 - Expanding tables for length 2 to character count 50
0:00:00:04 - Trying length 2, fixed @1, character count 44
0:00:00:04 - Switching to length 3
0:00:00:04 - Expanding tables for length 3 to character count 31
0:00:00:04 - Trying length 3, fixed @3, character count 30
0:00:00:04 - Switching to length 4
0:00:00:04 - Expanding tables for length 4 to character count 16
0:00:00:04 - Trying length 4, fixed @4, character count 16
0:00:00:04 - Switching to length 2
0:00:00:04 - Expanding tables for length 2 to character count 50
0:00:00:04 - Trying length 2, fixed @1, character count 45
0:00:00:04 - Trying length 2, fixed @1, character count 46
0:00:00:04 - Switching to length 3
0:00:00:04 - Expanding tables for length 3 to character count 32
0:00:00:04 - Trying length 3, fixed @1, character count 32
0:00:00:04 - Switching to length 6
0:00:00:04 - Expanding tables for length 6 to character count 7
0:00:00:04 - Trying length 6, fixed @3, character count 7
0:00:00:04 - Switching to length 1
0:00:00:04 - Expanding tables for length 1 to character count 74
0:00:00:04 - Trying length 1, fixed @1, character count 74
0:00:00:04 - Switching to length 2
0:00:00:04 - Expanding tables for length 2 to character count 51
0:00:00:04 - Trying length 2, fixed @2, character count 51
0:00:00:04 - Switching to length 5
0:00:00:04 - Expanding tables for length 5 to character count 8
0:00:00:04 - Trying length 5, fixed @2, character count 8
0:00:00:04 - Switching to length 3
0:00:00:04 - Expanding tables for length 3 to character count 32
0:00:00:04 - Trying length 3, fixed @2, character count 32
0:00:00:04 - Expanding tables for length 3 to character count 33
0:00:00:04 - Trying length 3, fixed @1, character count 33
0:00:00:04 - Switching to length 5
0:00:00:04 - Expanding tables for length 5 to character count 8
0:00:00:04 - Trying length 5, fixed @5, character count 8
0:00:00:04 - Switching to length 4
0:00:00:04 - Expanding tables for length 4 to character count 16
0:00:00:04 - Trying length 4, fixed @2, character count 13
0:00:00:04 - Trying length 4, fixed @3, character count 14
0:00:00:04 - Switching to length 3
0:00:00:04 - Expanding tables for length 3 to character count 33
0:00:00:04 - Trying length 3, fixed @2, character count 33
0:00:00:04 - Switching to length 2
0:00:00:04 - Expanding tables for length 2 to character count 52
0:00:00:04 - Trying length 2, fixed @2, character count 52
0:00:00:04 - Switching to length 6
0:00:00:04 - Expanding tables for length 6 to character count 7
0:00:00:04 - Trying length 6, fixed @1, character count 7
0:00:00:04 - Switching to length 4
0:00:00:04 - Expanding tables for length 4 to character count 17
0:00:00:04 - Trying length 4, fixed @4, character count 17
0:00:00:04 - Switching to length 2
0:00:00:04 - Expanding tables for length 2 to character count 53
0:00:00:04 - Trying length 2, fixed @2, character count 53
0:00:00:04 - Switching to length 5
0:00:00:05 - Expanding tables for length 5 to character count 8
0:00:00:05 - Trying length 5, fixed @4, character count 8
0:00:00:05 - Switching to length 7
0:00:00:05 - Expanding tables for length 7 to character count 6
0:00:00:05 - Trying length 7, fixed @3, character count 6
0:00:00:05 - Switching to length 3
0:00:00:05 - Expanding tables for length 3 to character count 33
0:00:00:05 - Trying length 3, fixed @3, character count 31
0:00:00:05 - Switching to length 2
0:00:00:05 - Expanding tables for length 2 to character count 54
0:00:00:05 - Trying length 2, fixed @2, character count 54
0:00:00:05 - Switching to length 6
0:00:00:05 - Expanding tables for length 6 to character count 7
0:00:00:05 - Trying length 6, fixed @4, character count 7
0:00:00:05 - Switching to length 5
0:00:00:05 - Expanding tables for length 5 to character count 9
0:00:00:05 - Trying length 5, fixed @1, character count 9
0:00:00:05 - Switching to length 4
0:00:00:05 - Expanding tables for length 4 to character count 17
0:00:00:05 - Trying length 4, fixed @2, character count 14
0:00:00:05 - Switching to length 7
0:00:00:05 - Expanding tables for length 7 to character count 6
0:00:00:05 - Trying length 7, fixed @6, character count 6
0:00:00:05 - Switching to length 1
0:00:00:05 - Expanding tables for length 1 to character count 75
0:00:00:05 - Trying length 1, fixed @1, character count 75
0:00:00:05 - Expanding tables for length 1 to character count 76
0:00:00:05 - Trying length 1, fixed @1, character count 76
0:00:00:05 - Switching to length 2
0:00:00:05 - Expanding tables for length 2 to character count 55
0:00:00:05 - Trying length 2, fixed @2, character count 55
0:00:00:05 - Switching to length 3
0:00:00:05 - Expanding tables for length 3 to character count 33
0:00:00:05 - Trying length 3, fixed @3, character count 32
0:00:00:05 - Expanding tables for length 3 to character count 34
0:00:00:05 - Trying length 3, fixed @1, character count 34
0:00:00:05 - Switching to length 2
0:00:00:05 - Expanding tables for length 2 to character count 55
0:00:00:05 - Trying length 2, fixed @1, character count 47
0:00:00:05 - Switching to length 6
0:00:00:05 - Expanding tables for length 6 to character count 8
0:00:00:05 - Trying length 6, fixed @5, character count 8
0:00:00:05 - Switching to length 4
0:00:00:05 - Expanding tables for length 4 to character count 17
0:00:00:05 - Trying length 4, fixed @1, character count 13
0:00:00:05 - Switching to length 2
0:00:00:05 - Expanding tables for length 2 to character count 55
0:00:00:05 - Trying length 2, fixed @1, character count 48
0:00:00:05 - Trying length 2, fixed @1, character count 49
0:00:00:05 - Expanding tables for length 2 to character count 56
0:00:00:05 - Trying length 2, fixed @2, character count 56
0:00:00:05 - Switching to length 3
0:00:00:05 - Expanding tables for length 3 to character count 34
0:00:00:05 - Trying length 3, fixed @2, character count 34
0:00:00:05 - Switching to length 7
0:00:00:05 - Expanding tables for length 7 to character count 6
0:00:00:05 - Trying length 7, fixed @2, character count 6
0:00:00:05 - Trying length 7, fixed @1, character count 6
0:00:00:05 - Switching to length 5
0:00:00:05 - Expanding tables for length 5 to character count 9
0:00:00:05 - Trying length 5, fixed @2, character count 9
0:00:00:05 - Trying length 5, fixed @3, character count 9
0:00:00:05 - Switching to length 4
0:00:00:05 - Expanding tables for length 4 to character count 17
0:00:00:05 - Trying length 4, fixed @1, character count 14
0:00:00:05 - Switching to length 1
0:00:00:05 - Expanding tables for length 1 to character count 77
0:00:00:05 - Trying length 1, fixed @1, character count 77
0:00:00:05 - Expanding tables for length 1 to character count 78
0:00:00:05 - Trying length 1, fixed @1, character count 78
0:00:00:05 - Switching to length 3
0:00:00:05 - Expanding tables for length 3 to character count 35
0:00:00:05 - Trying length 3, fixed @2, character count 35
0:00:00:05 - Switching to length 2
0:00:00:05 - Expanding tables for length 2 to character count 56
0:00:00:05 - Trying length 2, fixed @1, character count 50
0:00:00:05 - Switching to length 4
0:00:00:05 - Expanding tables for length 4 to character count 17
0:00:00:05 - Trying length 4, fixed @3, character count 15
0:00:00:05 - Switching to length 5
0:00:00:05 - Expanding tables for length 5 to character count 9
0:00:00:05 - Trying length 5, fixed @4, character count 9
0:00:00:05 - Switching to length 2
0:00:00:05 - Expanding tables for length 2 to character count 56
0:00:00:05 - Trying length 2, fixed @1, character count 51
0:00:00:05 - Switching to length 7
0:00:00:05 - Expanding tables for length 7 to character count 6
0:00:00:05 - Trying length 7, fixed @5, character count 6
0:00:00:05 - Trying length 7, fixed @7, character count 6
0:00:00:05 - Switching to length 5
0:00:00:05 - Expanding tables for length 5 to character count 10
0:00:00:05 - Trying length 5, fixed @1, character count 10
0:00:00:05 - Switching to length 4
0:00:00:05 - Expanding tables for length 4 to character count 17
0:00:00:05 - Trying length 4, fixed @2, character count 15
0:00:00:05 - Switching to length 6
0:00:00:05 - Expanding tables for length 6 to character count 8
0:00:00:05 - Trying length 6, fixed @2, character count 7
0:00:00:05 - Trying length 6, fixed @3, character count 8
0:00:00:05 - Switching to length 1
0:00:00:05 - Expanding tables for length 1 to character count 79
0:00:00:05 - Trying length 1, fixed @1, character count 79
0:00:00:05 - Switching to length 6
0:00:00:05 - Expanding tables for length 6 to character count 8
0:00:00:05 - Trying length 6, fixed @6, character count 8
0:00:00:05 - Switching to length 3
0:00:00:05 - Expanding tables for length 3 to character count 35
0:00:00:05 - Trying length 3, fixed @3, character count 33
0:00:00:05 - Switching to length 5
0:00:00:05 - Expanding tables for length 5 to character count 10
0:00:00:05 - Trying length 5, fixed @5, character count 9
0:00:00:05 - Switching to length 7
0:00:00:05 - Expanding tables for length 7 to character count 6
0:00:00:05 - Trying length 7, fixed @4, character count 6
0:00:00:05 - Switching to length 3
0:00:00:05 - Expanding tables for length 3 to character count 35
0:00:00:05 - Trying length 3, fixed @3, character count 34
0:00:00:05 - Switching to length 2
0:00:00:05 - Expanding tables for length 2 to character count 56
0:00:00:05 - Trying length 2, fixed @1, character count 52
0:00:00:05 - Switching to length 4
0:00:00:05 - Expanding tables for length 4 to character count 17
0:00:00:05 - Trying length 4, fixed @1, character count 15
0:00:00:05 - Switching to length 2
0:00:00:05 - Expanding tables for length 2 to character count 56
0:00:00:05 - Trying length 2, fixed @1, character count 53
0:00:00:05 - Switching to length 3
0:00:00:05 - Expanding tables for length 3 to character count 35
0:00:00:05 - Trying length 3, fixed @3, character count 35
0:00:00:05 - Switching to length 4
0:00:00:05 - Expanding tables for length 4 to character count 17
0:00:00:05 - Trying length 4, fixed @3, character count 16
0:00:00:05 - Switching to length 6
0:00:00:05 - Expanding tables for length 6 to character count 8
0:00:00:05 - Trying length 6, fixed @1, character count 8
0:00:00:05 - Switching to length 2
0:00:00:05 - Expanding tables for length 2 to character count 56
0:00:00:05 - Trying length 2, fixed @1, character count 54
0:00:00:05 - Switching to length 4
0:00:00:05 - Expanding tables for length 4 to character count 17
0:00:00:05 - Trying length 4, fixed @2, character count 16
0:00:00:05 - Switching to length 5
0:00:00:05 - Expanding tables for length 5 to character count 11
0:00:00:05 - Trying length 5, fixed @1, character count 11
0:00:00:05 - Switching to length 3
0:00:00:05 - Expanding tables for length 3 to character count 35
0:00:00:05 - Trying length 3, fixed @1, character count 35
0:00:00:05 - Switching to length 1
0:00:00:05 - Expanding tables for length 1 to character count 80
0:00:00:05 - Trying length 1, fixed @1, character count 80
0:00:00:05 - Switching to length 4
0:00:00:05 - Expanding tables for length 4 to character count 17
0:00:00:05 - Trying length 4, fixed @3, character count 17
0:00:00:05 - Expanding tables for length 4 to character count 18
0:00:00:05 - Trying length 4, fixed @4, character count 18
0:00:00:05 - Switching to length 5
0:00:00:05 - Expanding tables for length 5 to character count 11
0:00:00:05 - Trying length 5, fixed @3, character count 10
0:00:00:05 - Switching to length 2
0:00:00:05 - Expanding tables for length 2 to character count 57
0:00:00:05 - Trying length 2, fixed @2, character count 57
0:00:00:05 - Switching to length 3
0:00:00:05 - Expanding tables for length 3 to character count 36
0:00:00:05 - Trying length 3, fixed @3, character count 36
0:00:00:05 - Switching to length 4
0:00:00:05 - Expanding tables for length 4 to character count 18
0:00:00:05 - Trying length 4, fixed @1, character count 16
0:00:00:05 - Switching to length 5
0:00:00:05 - Expanding tables for length 5 to character count 11
0:00:00:05 - Trying length 5, fixed @4, character count 10
0:00:00:05 - Switching to length 6
0:00:00:05 - Expanding tables for length 6 to character count 8
0:00:00:05 - Trying length 6, fixed @4, character count 8
0:00:00:05 - Switching to length 4
0:00:00:05 - Expanding tables for length 4 to character count 18
0:00:00:05 - Trying length 4, fixed @2, character count 17
0:00:00:05 - Switching to length 1
0:00:00:05 - Expanding tables for length 1 to character count 81
0:00:00:05 - Trying length 1, fixed @1, character count 81
0:00:00:05 - Switching to length 6
0:00:00:05 - Expanding tables for length 6 to character count 9
0:00:00:05 - Trying length 6, fixed @5, character count 9
0:00:00:05 - Switching to length 7
0:00:00:05 - Expanding tables for length 7 to character count 7
0:00:00:06 - Trying length 7, fixed @3, character count 7
0:00:00:06 - Switching to length 3
0:00:00:06 - Expanding tables for length 3 to character count 36
0:00:00:06 - Trying length 3, fixed @1, character count 36
0:00:00:06 - Switching to length 2
0:00:00:06 - Expanding tables for length 2 to character count 57
0:00:00:06 - Trying length 2, fixed @1, character count 55
0:00:00:06 - Switching to length 4
0:00:00:06 - Expanding tables for length 4 to character count 18
0:00:00:06 - Trying length 4, fixed @3, character count 18
0:00:00:06 - Switching to length 5
0:00:00:06 - Expanding tables for length 5 to character count 11
0:00:00:06 - Trying length 5, fixed @2, character count 10
0:00:00:06 - Switching to length 4
0:00:00:06 - Expanding tables for length 4 to character count 18
0:00:00:06 - Trying length 4, fixed @2, character count 18
0:00:00:06 - Expanding tables for length 4 to character count 19
0:00:00:06 - Trying length 4, fixed @3, character count 19
0:00:00:06 - Switching to length 2
0:00:00:06 - Expanding tables for length 2 to character count 57
0:00:00:06 - Trying length 2, fixed @1, character count 56
0:00:00:06 - Switching to length 5
0:00:00:06 - Expanding tables for length 5 to character count 11
0:00:00:06 - Trying length 5, fixed @5, character count 10
0:00:00:06 - Switching to length 2
0:00:00:06 - Expanding tables for length 2 to character count 57
0:00:00:06 - Trying length 2, fixed @1, character count 57
0:00:00:06 - Switching to length 6
0:00:00:06 - Expanding tables for length 6 to character count 9
0:00:00:06 - Trying length 6, fixed @2, character count 8
0:00:00:06 - Trying length 6, fixed @6, character count 9
0:00:00:06 - Switching to length 7
0:00:00:06 - Expanding tables for length 7 to character count 7
0:00:00:06 - Trying length 7, fixed @2, character count 7
0:00:00:06 - Switching to length 5
0:00:00:06 - Expanding tables for length 5 to character count 12
0:00:00:06 - Trying length 5, fixed @1, character count 12
0:00:00:06 - Switching to length 1
0:00:00:06 - Expanding tables for length 1 to character count 82
0:00:00:06 - Trying length 1, fixed @1, character count 82
0:00:00:06 - Switching to length 2
0:00:00:06 - Expanding tables for length 2 to character count 58
0:00:00:06 - Trying length 2, fixed @2, character count 58
0:00:00:06 - Switching to length 4
0:00:00:06 - Expanding tables for length 4 to character count 19
0:00:00:06 - Trying length 4, fixed @1, character count 17
0:00:00:06 - Switching to length 2
0:00:00:06 - Expanding tables for length 2 to character count 59
0:00:00:06 - Trying length 2, fixed @2, character count 59
0:00:00:06 - Switching to length 7
0:00:00:06 - Expanding tables for length 7 to character count 7
0:00:00:06 - Trying length 7, fixed @6, character count 7
0:00:00:06 - Switching to length 6
0:00:00:06 - Expanding tables for length 6 to character count 9
0:00:00:06 - Trying length 6, fixed @3, character count 9
0:00:00:06 - Switching to length 7
0:00:00:06 - Expanding tables for length 7 to character count 7
0:00:00:06 - Trying length 7, fixed @1, character count 7
0:00:00:06 - Switching to length 4
0:00:00:06 - Expanding tables for length 4 to character count 19
0:00:00:06 - Trying length 4, fixed @4, character count 19
0:00:00:06 - Switching to length 5
0:00:00:06 - Expanding tables for length 5 to character count 12
0:00:00:06 - Trying length 5, fixed @4, character count 11
0:00:00:06 - Switching to length 6
0:00:00:06 - Expanding tables for length 6 to character count 9
0:00:00:06 - Trying length 6, fixed @1, character count 9
0:00:00:06 - Switching to length 7
0:00:00:06 - Expanding tables for length 7 to character count 7
0:00:00:06 - Trying length 7, fixed @7, character count 7
0:00:00:06 - Switching to length 3
0:00:00:06 - Expanding tables for length 3 to character count 37
0:00:00:06 - Trying length 3, fixed @3, character count 37
0:00:00:06 - Switching to length 4
0:00:00:06 - Expanding tables for length 4 to character count 19
0:00:00:06 - Trying length 4, fixed @1, character count 18
0:00:00:06 - Trying length 4, fixed @2, character count 19
0:00:00:06 - Switching to length 7
0:00:00:06 - Expanding tables for length 7 to character count 7
0:00:00:06 - Trying length 7, fixed @4, character count 7
0:00:00:06 - Switching to length 5
0:00:00:06 - Expanding tables for length 5 to character count 12
0:00:00:06 - Trying length 5, fixed @3, character count 11
0:00:00:06 - Switching to length 2
0:00:00:06 - Expanding tables for length 2 to character count 59
0:00:00:06 - Trying length 2, fixed @1, character count 58
0:00:00:06 - Switching to length 4
0:00:00:06 - Expanding tables for length 4 to character count 20
0:00:00:06 - Trying length 4, fixed @3, character count 20
0:00:00:06 - Switching to length 3
0:00:00:06 - Expanding tables for length 3 to character count 37
0:00:00:06 - Trying length 3, fixed @2, character count 36
0:00:00:06 - Switching to length 2
0:00:00:06 - Expanding tables for length 2 to character count 60
0:00:00:06 - Trying length 2, fixed @2, character count 60
0:00:00:06 - Switching to length 4
0:00:00:06 - Expanding tables for length 4 to character count 20
0:00:00:06 - Trying length 4, fixed @2, character count 20
0:00:00:06 - Switching to length 5
0:00:00:06 - Expanding tables for length 5 to character count 12
0:00:00:06 - Trying length 5, fixed @2, character count 11
0:00:00:06 - Switching to length 3
0:00:00:06 - Expanding tables for length 3 to character count 38
0:00:00:06 - Trying length 3, fixed @3, character count 38
0:00:00:06 - Switching to length 6
0:00:00:06 - Expanding tables for length 6 to character count 9
0:00:00:06 - Trying length 6, fixed @4, character count 9
0:00:00:06 - Switching to length 7
0:00:00:06 - Expanding tables for length 7 to character count 7
0:00:00:06 - Trying length 7, fixed @5, character count 7
0:00:00:06 - Switching to length 6
0:00:00:06 - Expanding tables for length 6 to character count 10
0:00:00:06 - Trying length 6, fixed @5, character count 10
0:00:00:06 - Switching to length 1
0:00:00:06 - Expanding tables for length 1 to character count 83
0:00:00:06 - Trying length 1, fixed @1, character count 83
0:00:00:06 - Expanding tables for length 1 to character count 84
0:00:00:06 - Trying length 1, fixed @1, character count 84
0:00:00:06 - Expanding tables for length 1 to character count 85
0:00:00:06 - Trying length 1, fixed @1, character count 85
0:00:00:06 - Expanding tables for length 1 to character count 86
0:00:00:06 - Trying length 1, fixed @1, character count 86
0:00:00:06 - Switching to length 4
0:00:00:06 - Expanding tables for length 4 to character count 20
0:00:00:06 - Trying length 4, fixed @1, character count 19
0:00:00:06 - Switching to length 5
0:00:00:06 - Expanding tables for length 5 to character count 12
0:00:00:06 - Trying length 5, fixed @4, character count 12
0:00:00:06 - Switching to length 2
0:00:00:06 - Expanding tables for length 2 to character count 61
0:00:00:06 - Trying length 2, fixed @2, character count 61
0:00:00:06 - Expanding tables for length 2 to character count 62
0:00:00:06 - Trying length 2, fixed @2, character count 62
0:00:00:06 - Switching to length 5
0:00:00:06 - Expanding tables for length 5 to character count 13
0:00:00:06 - Trying length 5, fixed @1, character count 13
0:00:00:06 - Switching to length 4
0:00:00:06 - Expanding tables for length 4 to character count 20
0:00:00:06 - Trying length 4, fixed @1, character count 20
0:00:00:06 - Switching to length 3
0:00:00:06 - Expanding tables for length 3 to character count 38
0:00:00:06 - Trying length 3, fixed @2, character count 37
0:00:00:06 - Switching to length 4
0:00:00:06 - Expanding tables for length 4 to character count 21
0:00:00:06 - Trying length 4, fixed @2, character count 21
0:00:00:06 - Switching to length 6
0:00:00:06 - Expanding tables for length 6 to character count 10
0:00:00:06 - Trying length 6, fixed @6, character count 10
0:00:00:06 - Switching to length 3
0:00:00:06 - Expanding tables for length 3 to character count 38
0:00:00:06 - Trying length 3, fixed @1, character count 37
0:00:00:06 - Switching to length 5
0:00:00:06 - Expanding tables for length 5 to character count 13
0:00:00:06 - Trying length 5, fixed @5, character count 11
0:00:00:06 - Switching to length 4
0:00:00:06 - Expanding tables for length 4 to character count 21
0:00:00:06 - Trying length 4, fixed @3, character count 21
0:00:00:06 - Switching to length 2
0:00:00:06 - Expanding tables for length 2 to character count 63
0:00:00:06 - Trying length 2, fixed @2, character count 63
0:00:00:06 - Switching to length 3
0:00:00:06 - Expanding tables for length 3 to character count 38
0:00:00:06 - Trying length 3, fixed @2, character count 38
0:00:00:06 - Switching to length 7
0:00:00:07 - Expanding tables for length 7 to character count 8
0:00:00:07 - Trying length 7, fixed @3, character count 8
0:00:00:07 - Switching to length 4
0:00:00:07 - Expanding tables for length 4 to character count 22
0:00:00:07 - Trying length 4, fixed @2, character count 22
0:00:00:07 - Switching to length 6
0:00:00:07 - Expanding tables for length 6 to character count 10
0:00:00:07 - Trying length 6, fixed @2, character count 9
0:00:00:07 - Trying length 6, fixed @1, character count 10
0:00:00:07 - Switching to length 5
0:00:00:07 - Expanding tables for length 5 to character count 13
0:00:00:07 - Trying length 5, fixed @3, character count 12
0:00:00:07 - Switching to length 2
0:00:00:07 - Expanding tables for length 2 to character count 63
0:00:00:07 - Trying length 2, fixed @1, character count 59
0:00:00:07 - Switching to length 6
0:00:00:07 - Expanding tables for length 6 to character count 10
0:00:00:07 - Trying length 6, fixed @3, character count 10
0:00:00:07 - Switching to length 4
0:00:00:07 - Expanding tables for length 4 to character count 22
0:00:00:07 - Trying length 4, fixed @4, character count 20
0:00:00:07 - Trying length 4, fixed @1, character count 21
0:00:00:07 - Trying length 4, fixed @3, character count 22
0:00:00:07 - Switching to length 5
0:00:00:07 - Expanding tables for length 5 to character count 14
0:00:00:07 - Trying length 5, fixed @1, character count 14
0:00:00:07 - Switching to length 7
0:00:00:07 - Expanding tables for length 7 to character count 8
0:00:00:07 - Trying length 7, fixed @1, character count 8
0:00:00:07 - Switching to length 2
0:00:00:07 - Expanding tables for length 2 to character count 63
0:00:00:07 - Trying length 2, fixed @1, character count 60
0:00:00:07 - Switching to length 4
0:00:00:07 - Expanding tables for length 4 to character count 22
0:00:00:07 - Trying length 4, fixed @1, character count 22
0:00:00:07 - Switching to length 1
0:00:00:07 - Expanding tables for length 1 to character count 87
0:00:00:07 - Trying length 1, fixed @1, character count 87
0:00:00:07 - Expanding tables for length 1 to character count 88
0:00:00:07 - Trying length 1, fixed @1, character count 88
0:00:00:07 - Expanding tables for length 1 to character count 89
0:00:00:07 - Trying length 1, fixed @1, character count 89
0:00:00:07 - Switching to length 4
0:00:00:07 - Expanding tables for length 4 to character count 23
0:00:00:07 - Trying length 4, fixed @2, character count 23
0:00:00:07 - Switching to length 2
0:00:00:07 - Expanding tables for length 2 to character count 63
0:00:00:07 - Trying length 2, fixed @1, character count 61
0:00:00:07 - Switching to length 7
0:00:00:07 - Expanding tables for length 7 to character count 8
0:00:00:07 - Trying length 7, fixed @4, character count 8
0:00:00:07 - Switching to length 5
0:00:00:07 - Expanding tables for length 5 to character count 14
0:00:00:07 - Trying length 5, fixed @4, character count 13
0:00:00:07 - Switching to length 2
0:00:00:07 - Expanding tables for length 2 to character count 64
0:00:00:07 - Trying length 2, fixed @2, character count 64
0:00:00:07 - Switching to length 6
0:00:00:07 - Expanding tables for length 6 to character count 10
0:00:00:07 - Trying length 6, fixed @4, character count 10
0:00:00:07 - Switching to length 7
0:00:00:07 - Expanding tables for length 7 to character count 8
0:00:00:07 - Trying length 7, fixed @7, character count 8
0:00:00:07 - Switching to length 6
0:00:00:07 - Expanding tables for length 6 to character count 11
0:00:00:07 - Trying length 6, fixed @5, character count 11
0:00:00:07 - Switching to length 3
0:00:00:07 - Expanding tables for length 3 to character count 39
0:00:00:07 - Trying length 3, fixed @2, character count 39
0:00:00:07 - Switching to length 2
0:00:00:07 - Expanding tables for length 2 to character count 64
0:00:00:07 - Trying length 2, fixed @1, character count 62
0:00:00:07 - Switching to length 5
0:00:00:07 - Expanding tables for length 5 to character count 14
0:00:00:07 - Trying length 5, fixed @5, character count 12
0:00:00:07 - Switching to length 2
0:00:00:07 - Expanding tables for length 2 to character count 64
0:00:00:07 - Trying length 2, fixed @1, character count 63
0:00:00:07 - Switching to length 4
0:00:00:07 - Expanding tables for length 4 to character count 23
0:00:00:07 - Trying length 4, fixed @4, character count 21
0:00:00:07 - Trying length 4, fixed @1, character count 23
0:00:00:07 - Switching to length 5
0:00:00:07 - Expanding tables for length 5 to character count 15
0:00:00:07 - Trying length 5, fixed @1, character count 15
0:00:00:07 - Switching to length 7
0:00:00:07 - Expanding tables for length 7 to character count 8
0:00:00:07 - Trying length 7, fixed @2, character count 8
0:00:00:07 - Switching to length 4
0:00:00:07 - Expanding tables for length 4 to character count 24
0:00:00:07 - Trying length 4, fixed @1, character count 24
0:00:00:07 - Switching to length 2
0:00:00:07 - Expanding tables for length 2 to character count 64
0:00:00:07 - Trying length 2, fixed @1, character count 64
0:00:00:07 - Switching to length 4
0:00:00:07 - Expanding tables for length 4 to character count 24
0:00:00:07 - Trying length 4, fixed @2, character count 24
0:00:00:07 - Switching to length 7
0:00:00:07 - Expanding tables for length 7 to character count 8
0:00:00:07 - Trying length 7, fixed @5, character count 8
0:00:00:07 - Switching to length 5
0:00:00:07 - Expanding tables for length 5 to character count 15
0:00:00:07 - Trying length 5, fixed @3, character count 13
0:00:00:07 - Switching to length 3
0:00:00:07 - Expanding tables for length 3 to character count 39
0:00:00:07 - Trying length 3, fixed @1, character count 38
0:00:00:07 - Switching to length 6
0:00:00:07 - Expanding tables for length 6 to character count 11
0:00:00:07 - Trying length 6, fixed @2, character count 10
0:00:00:07 - Switching to length 5
0:00:00:07 - Expanding tables for length 5 to character count 15
0:00:00:07 - Trying length 5, fixed @4, character count 14
0:00:00:07 - Switching to length 3
0:00:00:07 - Expanding tables for length 3 to character count 39
0:00:00:07 - Trying length 3, fixed @1, character count 39
0:00:00:07 - Switching to length 6
0:00:00:07 - Expanding tables for length 6 to character count 11
0:00:00:07 - Trying length 6, fixed @3, character count 11
0:00:00:07 - Switching to length 7
0:00:00:07 - Expanding tables for length 7 to character count 8
0:00:00:07 - Trying length 7, fixed @6, character count 8
0:00:00:07 - Switching to length 4
0:00:00:07 - Expanding tables for length 4 to character count 25
0:00:00:07 - Trying length 4, fixed @1, character count 25
0:00:00:07 - Switching to length 6
0:00:00:07 - Expanding tables for length 6 to character count 11
0:00:00:07 - Trying length 6, fixed @6, character count 11
0:00:00:07 - Switching to length 3
0:00:00:07 - Expanding tables for length 3 to character count 39
0:00:00:07 - Trying length 3, fixed @3, character count 39
0:00:00:07 - Switching to length 2
0:00:00:07 - Expanding tables for length 2 to character count 65
0:00:00:07 - Trying length 2, fixed @2, character count 65
0:00:00:07 - Switching to length 4
0:00:00:07 - Expanding tables for length 4 to character count 25
0:00:00:07 - Trying length 4, fixed @2, character count 25
0:00:00:07 - Expanding tables for length 4 to character count 26
0:00:00:07 - Trying length 4, fixed @1, character count 26
0:00:00:07 - Switching to length 3
0:00:00:07 - Expanding tables for length 3 to character count 40
0:00:00:07 - Trying length 3, fixed @3, character count 40
0:00:00:07 - Switching to length 5
0:00:00:07 - Expanding tables for length 5 to character count 15
0:00:00:07 - Trying length 5, fixed @5, character count 13
0:00:00:07 - Switching to length 6
0:00:00:07 - Expanding tables for length 6 to character count 11
0:00:00:08 - Trying length 6, fixed @1, character count 11
0:00:00:08 - Switching to length 3
0:00:00:08 - Expanding tables for length 3 to character count 40
0:00:00:08 - Trying length 3, fixed @2, character count 40
0:00:00:08 - Expanding tables for length 3 to character count 41
0:00:00:08 - Trying length 3, fixed @3, character count 41
0:00:00:08 - Switching to length 4
0:00:00:08 - Expanding tables for length 4 to character count 26
0:00:00:08 - Trying length 4, fixed @4, character count 22
0:00:00:08 - Trying length 4, fixed @2, character count 26
0:00:00:08 - Expanding tables for length 4 to character count 27
0:00:00:08 - Trying length 4, fixed @1, character count 27
0:00:00:08 - Switching to length 6
0:00:00:08 - Expanding tables for length 6 to character count 11
0:00:00:08 - Trying length 6, fixed @4, character count 11
0:00:00:08 - Switching to length 3
0:00:00:08 - Expanding tables for length 3 to character count 42
0:00:00:08 - Trying length 3, fixed @3, character count 42
0:00:00:08 - Switching to length 4
0:00:00:08 - Expanding tables for length 4 to character count 28
0:00:00:08 - Trying length 4, fixed @1, character count 28
0:00:00:08 - Switching to length 2
0:00:00:08 - Expanding tables for length 2 to character count 65
0:00:00:08 - Trying length 2, fixed @1, character count 65
0:00:00:08 - Switching to length 5
0:00:00:08 - Expanding tables for length 5 to character count 15
0:00:00:08 - Trying length 5, fixed @2, character count 12
0:00:00:08 - Switching to length 7
0:00:00:08 - Expanding tables for length 7 to character count 9
0:00:00:08 - Trying length 7, fixed @3, character count 9
0:00:00:08 - Switching to length 5
0:00:00:08 - Expanding tables for length 5 to character count 15
0:00:00:08 - Trying length 5, fixed @3, character count 14
0:00:00:08 - Switching to length 7
0:00:00:08 - Expanding tables for length 7 to character count 9
0:00:00:08 - Trying length 7, fixed @1, character count 9
0:00:00:08 - Switching to length 5
0:00:00:08 - Expanding tables for length 5 to character count 15
0:00:00:08 - Trying length 5, fixed @4, character count 15
0:00:00:08 - Expanding tables for length 5 to character count 16
0:00:00:08 - Trying length 5, fixed @1, character count 16
0:00:00:08 - Switching to length 2
0:00:00:08 - Expanding tables for length 2 to character count 66
0:00:00:08 - Trying length 2, fixed @2, character count 66
0:00:00:08 - Switching to length 4
0:00:00:08 - Expanding tables for length 4 to character count 28
0:00:00:08 - Trying length 4, fixed @3, character count 23
0:00:00:08 - Switching to length 6
0:00:00:08 - Expanding tables for length 6 to character count 12
0:00:00:08 - Trying length 6, fixed @6, character count 12
0:00:00:08 - Switching to length 2
0:00:00:08 - Expanding tables for length 2 to character count 67
0:00:00:08 - Trying length 2, fixed @2, character count 67
0:00:00:08 - Switching to length 6
0:00:00:08 - Expanding tables for length 6 to character count 12
0:00:00:08 - Trying length 6, fixed @3, character count 12
0:00:00:08 - Switching to length 7
0:00:00:08 - Expanding tables for length 7 to character count 9
0:00:00:08 - Trying length 7, fixed @7, character count 9
0:00:00:08 - Switching to length 3
0:00:00:08 - Expanding tables for length 3 to character count 42
0:00:00:08 - Trying length 3, fixed @2, character count 41
0:00:00:08 - Switching to length 4
0:00:00:08 - Expanding tables for length 4 to character count 28
0:00:00:08 - Trying length 4, fixed @4, character count 23
0:00:00:08 - Switching to length 3
0:00:00:08 - Expanding tables for length 3 to character count 43
0:00:00:08 - Trying length 3, fixed @3, character count 43
0:00:00:08 - Switching to length 5
0:00:00:08 - Expanding tables for length 5 to character count 16
0:00:00:08 - Trying length 5, fixed @5, character count 14
0:00:00:08 - Switching to length 1
0:00:00:08 - Expanding tables for length 1 to character count 90
0:00:00:08 - Trying length 1, fixed @1, character count 90
0:00:00:08 - Expanding tables for length 1 to character count 91
0:00:00:08 - Trying length 1, fixed @1, character count 91
0:00:00:08 - Expanding tables for length 1 to character count 92
0:00:00:08 - Trying length 1, fixed @1, character count 92
0:00:00:08 - Expanding tables for length 1 to character count 93
0:00:00:08 - Trying length 1, fixed @1, character count 93
0:00:00:08 - Expanding tables for length 1 to character count 94
0:00:00:08 - Trying length 1, fixed @1, character count 94
0:00:00:08 - Switching to length 4
0:00:00:08 - Expanding tables for length 4 to character count 28
0:00:00:08 - Trying length 4, fixed @2, character count 27
0:00:00:08 - Switching to length 7
0:00:00:08 - Expanding tables for length 7 to character count 9
0:00:00:08 - Trying length 7, fixed @5, character count 9
0:00:00:08 - Switching to length 6
0:00:00:08 - Expanding tables for length 6 to character count 12
0:00:00:08 - Trying length 6, fixed @1, character count 12
0:00:00:08 - Switching to length 4
0:00:00:08 - Expanding tables for length 4 to character count 28
0:00:00:08 - Trying length 4, fixed @3, character count 24
0:00:00:08 - Trying length 4, fixed @2, character count 28
0:00:00:08 - Switching to length 1
0:00:00:08 - Expanding tables for length 1 to character count 95
0:00:00:08 - Trying length 1, fixed @1, character count 95
0:00:00:08 - Expanding tables for length 1 to character count 96
0:00:00:08 - Trying length 1, fixed @1, character count 96
0:00:00:08 - Expanding tables for length 1 to character count 97
0:00:00:08 - Trying length 1, fixed @1, character count 97
0:00:00:08 - Expanding tables for length 1 to character count 98
0:00:00:08 - Trying length 1, fixed @1, character count 98
0:00:00:08 - Expanding tables for length 1 to character count 99
0:00:00:08 - Trying length 1, fixed @1, character count 99
0:00:00:08 - Expanding tables for length 1 to character count 100
0:00:00:08 - Trying length 1, fixed @1, character count 100
0:00:00:08 - Expanding tables for length 1 to character count 101
0:00:00:08 - Trying length 1, fixed @1, character count 101
0:00:00:08 - Expanding tables for length 1 to character count 102
0:00:00:08 - Trying length 1, fixed @1, character count 102
0:00:00:08 - Expanding tables for length 1 to character count 103
0:00:00:08 - Trying length 1, fixed @1, character count 103
0:00:00:08 - Expanding tables for length 1 to character count 104
0:00:00:08 - Trying length 1, fixed @1, character count 104
0:00:00:08 - Expanding tables for length 1 to character count 105
0:00:00:08 - Trying length 1, fixed @1, character count 105
0:00:00:08 - Expanding tables for length 1 to character count 106
0:00:00:08 - Trying length 1, fixed @1, character count 106
0:00:00:08 - Expanding tables for length 1 to character count 107
0:00:00:08 - Trying length 1, fixed @1, character count 107
0:00:00:08 - Expanding tables for length 1 to character count 108
0:00:00:08 - Trying length 1, fixed @1, character count 108
0:00:00:08 - Expanding tables for length 1 to character count 109
0:00:00:08 - Trying length 1, fixed @1, character count 109
0:00:00:08 - Expanding tables for length 1 to character count 110
0:00:00:08 - Trying length 1, fixed @1, character count 110
0:00:00:08 - Expanding tables for length 1 to character count 111
0:00:00:08 - Trying length 1, fixed @1, character count 111
0:00:00:08 - Expanding tables for length 1 to character count 112
0:00:00:08 - Trying length 1, fixed @1, character count 112
0:00:00:08 - Expanding tables for length 1 to character count 113
0:00:00:08 - Trying length 1, fixed @1, character count 113
0:00:00:08 - Expanding tables for length 1 to character count 114
0:00:00:08 - Trying length 1, fixed @1, character count 114
0:00:00:08 - Expanding tables for length 1 to character count 115
0:00:00:08 - Trying length 1, fixed @1, character count 115
0:00:00:08 - Expanding tables for length 1 to character count 116
0:00:00:08 - Trying length 1, fixed @1, character count 116
0:00:00:08 - Expanding tables for length 1 to character count 117
0:00:00:08 - Trying length 1, fixed @1, character count 117
0:00:00:08 - Expanding tables for length 1 to character count 118
0:00:00:08 - Trying length 1, fixed @1, character count 118
0:00:00:08 - Expanding tables for length 1 to character count 119
0:00:00:08 - Trying length 1, fixed @1, character count 119
0:00:00:08 - Expanding tables for length 1 to character count 120
0:00:00:08 - Trying length 1, fixed @1, character count 120
0:00:00:08 - Expanding tables for length 1 to character count 121
0:00:00:08 - Trying length 1, fixed @1, character count 121
0:00:00:08 - Expanding tables for length 1 to character count 122
0:00:00:08 - Trying length 1, fixed @1, character count 122
0:00:00:08 - Expanding tables for length 1 to character count 123
0:00:00:08 - Trying length 1, fixed @1, character count 123
0:00:00:08 - Expanding tables for length 1 to character count 124
0:00:00:08 - Trying length 1, fixed @1, character count 124
0:00:00:08 - Expanding tables for length 1 to character count 125
0:00:00:08 - Trying length 1, fixed @1, character count 125
0:00:00:08 - Expanding tables for length 1 to character count 126
0:00:00:08 - Trying length 1, fixed @1, character count 126
0:00:00:08 - Expanding tables for length 1 to character count 127
0:00:00:08 - Trying length 1, fixed @1, character count 127
0:00:00:08 - Expanding tables for length 1 to character count 128
0:00:00:08 - Trying length 1, fixed @1, character count 128
0:00:00:08 - Expanding tables for length 1 to character count 129
0:00:00:08 - Trying length 1, fixed @1, character count 129
0:00:00:08 - Expanding tables for length 1 to character count 130
0:00:00:08 - Trying length 1, fixed @1, character count 130
0:00:00:08 - Expanding tables for length 1 to character count 131
0:00:00:08 - Trying length 1, fixed @1, character count 131
0:00:00:08 - Expanding tables for length 1 to character count 132
0:00:00:08 - Trying length 1, fixed @1, character count 132
0:00:00:08 - Switching to length 4
0:00:00:08 - Expanding tables for length 4 to character count 29
0:00:00:08 - Trying length 4, fixed @2, character count 29
0:00:00:08 - Switching to length 5
0:00:00:08 - Expanding tables for length 5 to character count 16
0:00:00:08 - Trying length 5, fixed @3, character count 15
0:00:00:08 - Trying length 5, fixed @4, character count 16
0:00:00:08 - Switching to length 3
0:00:00:08 - Expanding tables for length 3 to character count 43
0:00:00:08 - Trying length 3, fixed @1, character count 40
0:00:00:08 - Switching to length 4
0:00:00:08 - Expanding tables for length 4 to character count 29
0:00:00:08 - Trying length 4, fixed @1, character count 29
0:00:00:08 - Switching to length 3
0:00:00:08 - Expanding tables for length 3 to character count 43
0:00:00:08 - Trying length 3, fixed @2, character count 42
0:00:00:08 - Switching to length 6
0:00:00:08 - Expanding tables for length 6 to character count 12
0:00:00:08 - Trying length 6, fixed @2, character count 11
0:00:00:08 - Switching to length 7
0:00:00:08 - Expanding tables for length 7 to character count 9
0:00:00:08 - Trying length 7, fixed @4, character count 9
0:00:00:08 - Switching to length 6
0:00:00:08 - Expanding tables for length 6 to character count 12
0:00:00:08 - Trying length 6, fixed @5, character count 12
0:00:00:08 - Switching to length 5
0:00:00:08 - Expanding tables for length 5 to character count 17
0:00:00:08 - Trying length 5, fixed @1, character count 17
0:00:00:08 - Switching to length 3
0:00:00:08 - Expanding tables for length 3 to character count 44
0:00:00:08 - Trying length 3, fixed @3, character count 44
0:00:00:08 - Expanding tables for length 3 to character count 45
0:00:00:08 - Trying length 3, fixed @3, character count 45
0:00:00:08 - Switching to length 7
0:00:00:08 - Expanding tables for length 7 to character count 9
0:00:00:08 - Trying length 7, fixed @6, character count 9
0:00:00:08 - Switching to length 4
0:00:00:08 - Expanding tables for length 4 to character count 29
0:00:00:08 - Trying length 4, fixed @3, character count 25
0:00:00:08 - Switching to length 6
0:00:00:08 - Expanding tables for length 6 to character count 12
0:00:00:08 - Trying length 6, fixed @4, character count 12
0:00:00:08 - Switching to length 5
0:00:00:08 - Expanding tables for length 5 to character count 17
0:00:00:08 - Trying length 5, fixed @2, character count 13
0:00:00:08 - Switching to length 6
0:00:00:08 - Expanding tables for length 6 to character count 13
0:00:00:09 - Trying length 6, fixed @6, character count 13
0:00:00:09 - Switching to length 3
0:00:00:09 - Expanding tables for length 3 to character count 45
0:00:00:09 - Trying length 3, fixed @1, character count 41
0:00:00:09 - Switching to length 7
0:00:00:09 - Expanding tables for length 7 to character count 10
0:00:00:09 - Trying length 7, fixed @1, character count 10
0:00:00:09 - Switching to length 3
0:00:00:09 - Expanding tables for length 3 to character count 45
0:00:00:09 - Trying length 3, fixed @1, character count 42
0:00:00:09 - Switching to length 5
0:00:00:09 - Expanding tables for length 5 to character count 17
0:00:00:09 - Trying length 5, fixed @5, character count 15
0:00:00:09 - Trying length 5, fixed @3, character count 16
0:00:00:09 - Trying length 5, fixed @4, character count 17
0:00:00:09 - Switching to length 6
0:00:00:09 - Expanding tables for length 6 to character count 13
0:00:00:09 - Trying length 6, fixed @3, character count 13
0:00:00:09 - Switching to length 3
0:00:00:09 - Expanding tables for length 3 to character count 46
0:00:00:09 - Trying length 3, fixed @3, character count 46
0:00:00:09 - Switching to length 4
0:00:00:09 - Expanding tables for length 4 to character count 30
0:00:00:09 - Trying length 4, fixed @2, character count 30
0:00:00:09 - Switching to length 3
0:00:00:09 - Expanding tables for length 3 to character count 47
0:00:00:09 - Trying length 3, fixed @3, character count 47
0:00:00:09 - Switching to length 6
0:00:00:09 - Expanding tables for length 6 to character count 13
0:00:00:09 - Trying length 6, fixed @1, character count 13
0:00:00:09 - Switching to length 7
0:00:00:09 - Expanding tables for length 7 to character count 10
0:00:00:09 - Trying length 7, fixed @7, character count 10
0:00:00:09 - Switching to length 2
0:00:00:09 - Expanding tables for length 2 to character count 68
0:00:00:09 - Trying length 2, fixed @2, character count 68
0:00:00:09 - Switching to length 3
0:00:00:09 - Expanding tables for length 3 to character count 48
0:00:00:09 - Trying length 3, fixed @3, character count 48
0:00:00:09 - Switching to length 4
0:00:00:09 - Expanding tables for length 4 to character count 30
0:00:00:09 - Trying length 4, fixed @4, character count 24
0:00:00:09 - Switching to length 2
0:00:00:09 - Expanding tables for length 2 to character count 68
0:00:00:09 - Trying length 2, fixed @1, character count 66
0:00:00:09 - Switching to length 7
0:00:00:09 - Expanding tables for length 7 to character count 10
0:00:00:09 - Trying length 7, fixed @3, character count 10
0:00:00:09 - Switching to length 5
0:00:00:09 - Expanding tables for length 5 to character count 17
0:00:00:09 - Trying length 5, fixed @2, character count 14
0:00:00:09 - Switching to length 6
0:00:00:09 - Expanding tables for length 6 to character count 13
0:00:00:09 - Trying length 6, fixed @5, character count 13
0:00:00:09 - Switching to length 5
0:00:00:09 - Expanding tables for length 5 to character count 17
0:00:00:09 - Trying length 5, fixed @3, character count 17
0:00:00:09 - Switching to length 7
0:00:00:09 - Expanding tables for length 7 to character count 10
0:00:00:09 - Trying length 7, fixed @5, character count 10
0:00:00:09 - Switching to length 5
0:00:00:09 - Expanding tables for length 5 to character count 18
0:00:00:09 - Trying length 5, fixed @1, character count 18
0:00:00:09 - Switching to length 6
0:00:00:09 - Expanding tables for length 6 to character count 14
0:00:00:09 - Trying length 6, fixed @6, character count 14
0:00:00:09 Session aborted
